,position,residue,conservation_score(neff),ss_8,ss_3,neff,entropy,gap_fraction,conservation_level
0,1,M,1.0,C,C,1.0,0.0,0.9988399071925754,Uncertain
1,2,H,1.0,C,C,1.0,0.0,0.9988399071925754,Uncertain
2,3,H,1.0,C,C,1.0,0.0,0.9988399071925754,Uncertain
3,4,H,2.980104294457794,C,C,2.980104294457794,0.3656212876897614,0.9918793503480279,Uncertain
4,5,H,2.6601951473683485,C,C,2.6601951473683485,0.3933428234178998,0.9860788863109049,Uncertain
5,6,H,4.323910934919816,C,C,4.323910934919816,0.5840491688219445,0.974477958236659,Uncertain
6,7,H,5.238287409037589,C,C,5.238287409037589,0.6212374920505084,0.95707656612529,Uncertain
7,8,G,3.315247849975731,C,C,3.315247849975731,0.5404325199374967,0.931554524361949,Uncertain
8,9,G,4.348644043805027,C,C,4.348644043805027,0.5801518149842737,0.9118329466357309,Uncertain
9,10,S,4.938942995483022,C,C,4.938942995483022,0.6142619310609306,0.8839907192575406,Uncertain
10,11,G,4.99104170425916,C,C,4.99104170425916,0.6368937725505084,0.8109048723897911,Uncertain
11,12,Y,4.4292931989691695,C,C,4.4292931989691695,0.6319760156405534,0.6948955916473318,Uncertain
12,13,P,7.444257551402884,C,C,7.444257551402884,0.7415838925700613,0.6345707656612529,Uncertain
13,14,T,7.932078397959843,C,C,7.932078397959843,0.7495622055493761,0.5893271461716937,Uncertain
14,15,L,6.9997479289643065,C,C,6.9997479289643065,0.7213290656693192,0.5533642691415314,Uncertain
15,16,K,6.966495118153127,C,C,6.966495118153127,0.6784722062277321,0.5081206496519721,Uncertain
16,17,T,10.419591768516156,C,C,10.419591768516156,0.8222235050169596,0.462877030162413,Low
17,18,P,7.585050805102721,C,C,7.585050805102721,0.7783089725904381,0.4234338747099768,Medium
18,19,E,6.0224880645432615,C,C,6.0224880645432615,0.7267959934034913,0.37122969837587005,Medium
19,20,S,12.433852396238144,C,C,12.433852396238144,0.8810336176227314,0.314385150812065,Low
20,21,E,10.270375180844686,C,C,10.270375180844686,0.8187677211983084,0.265661252900232,Low
21,22,V,7.624004826054324,C,C,7.624004826054324,0.7640112380638553,0.22389791183294663,Medium
22,23,S,8.927687421226906,C,C,8.927687421226906,0.7770333061266628,0.20417633410672853,Medium
23,24,S,9.96415384792257,C,C,9.96415384792257,0.8145328821277414,0.1716937354988399,Medium
24,25,F,10.212655169944062,C,C,10.212655169944062,0.8409188524503936,0.14617169373549885,Low
25,26,T,9.28652333147432,C,C,9.28652333147432,0.8178710471526807,0.12877030162412992,Medium
26,27,A,11.423070767455032,G,H,11.423070767455032,0.8515426785901309,0.10904872389791183,Low
27,28,S,12.035083538131968,G,H,12.035083538131968,0.8769365746967811,0.0962877030162413,Low
28,29,K,10.258418858498306,G,H,10.258418858498306,0.8390423247772888,0.08584686774941995,Low
29,30,V,6.193543199289792,S,C,6.193543199289792,0.692821333201779,0.08120649651972157,Medium
30,31,S,6.14060112214478,C,C,6.14060112214478,0.6710633246010866,0.0777262180974478,Medium
31,32,Q,6.497669654158007,S,C,6.497669654158007,0.7232247140199246,0.0777262180974478,Medium
32,33,Y,1.5046176424484925,S,C,1.5046176424484925,0.2591091466196108,0.0765661252900232,High
33,34,S,3.519673282544333,G,H,3.519673282544333,0.5037906566217348,0.07424593967517401,High
34,35,C,1.229373943594345,G,H,1.229373943594345,0.1328322854446585,0.07192575406032482,High
35,36,Q,1.574109465384905,G,H,1.574109465384905,0.2596202873913065,0.07076566125290024,High
36,37,R,1.0585643251397487,S,C,1.0585643251397487,0.0521409004431324,0.07076566125290024,High
37,38,K,7.927567566672763,C,C,7.927567566672763,0.764364669045995,0.06960556844547564,Medium
38,39,T,2.0454509792998365,B,E,2.0454509792998365,0.3392132487510268,0.06960556844547564,High
39,40,T,2.187984045977982,C,C,2.187984045977982,0.4204371085780218,0.06960556844547564,High
40,41,L,1.0675586627081084,S,C,1.0675586627081084,0.0653852056620193,0.06844547563805105,High
41,42,N,6.915416626366602,C,C,6.915416626366602,0.7094635533711663,0.06844547563805105,Medium
42,43,N,1.3295180288812314,C,C,1.3295180288812314,0.1738821317342287,0.06960556844547564,High
43,44,C,3.2745420026231047,T,C,3.2745420026231047,0.5653641087874295,0.06844547563805105,High
44,45,N,1.0047358352284788,T,C,1.0047358352284788,0.0068122581450744,0.06496519721577726,High
45,46,K,7.470571102490298,H,H,7.470571102490298,0.748183046141849,0.06380510440835267,Medium
46,47,K,5.914773025057968,H,H,5.914773025057968,0.7033580041278016,0.06264501160092807,Medium
47,48,F,2.7271939585888743,H,H,2.7271939585888743,0.3609070630595528,0.060324825986078884,High
48,49,T,1.6704749954929452,H,H,1.6704749954929452,0.2718330057282314,0.05916473317865429,High
49,50,D,2.9989604777406327,H,H,2.9989604777406327,0.4611805415971293,0.027842227378190254,High
50,51,A,1.5751545966741902,H,H,1.5751545966741902,0.2726258572314791,0.027842227378190254,High
51,52,F,1.2489910018778252,H,H,1.2489910018778252,0.1358897267128579,0.027842227378190254,High
52,53,E,1.575129521023822,H,H,1.575129521023822,0.2772780217766637,0.02668213457076566,High
53,54,I,4.297703679450811,H,H,4.297703679450811,0.5461844102436809,0.02668213457076566,Medium
54,55,M,1.401395726296947,H,H,1.401395726296947,0.1857265263681739,0.02668213457076566,High
55,56,A,2.8987111654496016,H,H,2.8987111654496016,0.4505926331673797,0.02668213457076566,High
56,57,E,3.687732421787449,H,H,3.687732421787449,0.5416198352685393,0.02668213457076566,High
57,58,N,5.222354747234469,H,H,5.222354747234469,0.6117778719386859,0.02668213457076566,Medium
58,59,Y,1.529569737908768,H,H,1.529569737908768,0.2422629311436476,0.025522041763341066,High
59,60,E,4.923588335735224,H,H,4.923588335735224,0.659790239722398,0.025522041763341066,Medium
60,61,F,4.097720779534674,H,H,4.097720779534674,0.5271535128390991,0.025522041763341066,Medium
61,62,K,8.409337235243635,T,C,8.409337235243635,0.7789567622902719,0.025522041763341066,Medium
62,63,E,7.471589923052599,T,C,7.471589923052599,0.7037653696818822,0.025522041763341066,Medium
63,64,N,3.992331985505113,C,C,3.992331985505113,0.5787696188264665,0.025522041763341066,High
64,65,E,4.406796746832776,H,H,4.406796746832776,0.5837963369493646,0.025522041763341066,Medium
65,66,I,5.006776487397218,H,H,5.006776487397218,0.6271731266878123,0.025522041763341066,Medium
66,67,F,1.0981822454176688,H,H,1.0981822454176688,0.0899443669292722,0.024361948955916472,High
67,68,C,2.086078627957886,H,H,2.086078627957886,0.4186687217175897,0.024361948955916472,High
68,69,L,1.125382416611456,H,H,1.125382416611456,0.0922548744297634,0.024361948955916472,High
69,70,E,1.159244113253454,H,H,1.159244113253454,0.1176425184824579,0.02320185614849188,High
70,71,F,1.2540842705244215,H,H,1.2540842705244215,0.1291651352066977,0.02320185614849188,High
71,72,L,2.987686828358393,H,H,2.987686828358393,0.5271686219920749,0.022041763341067284,High
72,73,R,2.3873497150196314,H,H,2.3873497150196314,0.3371751540588988,0.02088167053364269,High
73,74,A,1.6353651100427526,H,H,1.6353651100427526,0.2589954223541902,0.02088167053364269,High
74,75,A,2.2741417825393078,H,H,2.2741417825393078,0.3151725155585639,0.02088167053364269,High
75,76,S,3.482404073936788,H,H,3.482404073936788,0.4561054986336435,0.02088167053364269,High
76,77,V,3.316033586779907,H,H,3.316033586779907,0.4502021576164691,0.02088167053364269,High
77,78,L,1.73499521064008,H,H,1.73499521064008,0.2966873777220087,0.02088167053364269,High
78,79,K,1.13529152245835,H,H,1.13529152245835,0.0790627965666945,0.02088167053364269,High
79,80,S,3.0757102106729253,T,C,3.0757102106729253,0.448748910607375,0.02088167053364269,High
80,81,L,1.1482868562051038,C,C,1.1482868562051038,0.1039971232302394,0.02088167053364269,High
81,82,P,1.598308060135697,S,C,1.598308060135697,0.2919776825295452,0.02088167053364269,High
82,83,F,5.374261551661921,S,C,5.374261551661921,0.6817195972244315,0.02088167053364269,Medium
83,84,P,5.387109848185578,C,C,5.387109848185578,0.6248894333617273,0.02088167053364269,Medium
84,85,V,2.247344268460973,C,C,2.247344268460973,0.3116867209024511,0.02088167053364269,High
85,86,T,3.928295383394999,C,C,3.928295383394999,0.5990800161972596,0.02088167053364269,High
86,87,R,5.483778374051438,S,C,5.483778374051438,0.6499975081966192,0.02088167053364269,Medium
87,88,M,4.359411058038165,G,H,4.359411058038165,0.5719613139840278,0.019721577726218097,Medium
88,89,K,7.144558702647041,G,H,7.144558702647041,0.7250602476371895,0.019721577726218097,Medium
89,90,D,2.688998974858194,G,H,2.688998974858194,0.3862720934627436,0.019721577726218097,High
90,91,I,3.815669961974882,G,H,3.815669961974882,0.4873120533916577,0.019721577726218097,High
91,92,Q,5.050549301417317,T,C,5.050549301417317,0.6488903434852844,0.019721577726218097,Medium
92,93,G,5.201938169081231,T,C,5.201938169081231,0.6182270246415952,0.019721577726218097,Medium
93,94,L,1.7363275164643874,X,X,1.7363275164643874,0.3076045993814031,0.019721577726218097,High
94,95,P,3.964873743174485,T,C,3.964873743174485,0.5621412472780678,0.022041763341067284,High
95,96,C,4.925341092182919,T,C,4.925341092182919,0.6359797716259851,0.02088167053364269,Medium
96,97,M,2.7405569205061613,C,C,2.7405569205061613,0.4117724975628073,0.02088167053364269,High
97,98,G,1.0871018643964732,C,C,1.0871018643964732,0.0680406109205486,0.02088167053364269,High
98,99,D,7.284678659771139,H,H,7.284678659771139,0.7081161790265328,0.02088167053364269,Medium
99,100,R,1.0692282336813623,H,H,1.0692282336813623,0.0658234192789513,0.022041763341067284,High
100,101,V,2.4365925642682544,H,H,2.4365925642682544,0.3823614754549632,0.02320185614849188,High
101,102,R,3.8162116164846416,H,H,3.8162116164846416,0.5293145522684738,0.022041763341067284,High
102,103,D,5.307061682975982,H,H,5.307061682975982,0.6617399396291056,0.019721577726218097,Medium
103,104,V,1.6920680119783496,H,H,1.6920680119783496,0.2090731447852509,0.018561484918793503,High
104,105,I,1.561553693352698,H,H,1.561553693352698,0.2457499442839784,0.018561484918793503,High
105,106,E,4.006653797054375,H,H,4.006653797054375,0.5644137137309495,0.018561484918793503,Medium
106,107,E,2.068476180911836,H,H,2.068476180911836,0.2960622114583917,0.016241299303944315,High
107,108,I,1.370839116201896,H,H,1.370839116201896,0.1849835859736416,0.018561484918793503,High
108,109,I,1.3923608023412282,H,H,1.3923608023412282,0.1961231640459492,0.016241299303944315,High
109,110,E,2.583272438448968,H,H,2.583272438448968,0.442876832408515,0.016241299303944315,High
110,111,E,5.3085054707466135,H,H,5.3085054707466135,0.6315464753988796,0.01740139211136891,Medium
111,112,G,1.2490481161442772,S,C,1.2490481161442772,0.1500493766340763,0.015081206496519721,High
112,113,E,9.71163301672554,S,C,9.71163301672554,0.8088333331862267,0.015081206496519721,Medium
113,114,S,1.7836393650539912,C,C,1.7836393650539912,0.218991088449323,0.015081206496519721,High
114,115,S,8.995211378311048,H,H,8.995211378311048,0.782312828031537,0.015081206496519721,Medium
115,116,R,1.05841492089219,H,H,1.05841492089219,0.0541348670307489,0.016241299303944315,High
116,117,A,1.1602479537191268,H,H,1.1602479537191268,0.1072285497507947,0.015081206496519721,High
117,118,K,1.7347678864379583,H,H,1.7347678864379583,0.3217075794916981,0.016241299303944315,High
118,119,D,6.608091205920846,H,H,6.608091205920846,0.7058467687790541,0.01740139211136891,Medium
119,120,V,2.3503314891780898,H,H,2.3503314891780898,0.4166241988089205,0.015081206496519721,High
120,121,L,5.771102138710626,H,H,5.771102138710626,0.6938426810570715,0.016241299303944315,Medium
121,122,N,5.634433020156245,H,H,5.634433020156245,0.686537674530605,0.013921113689095127,Medium
122,123,D,2.338564124397172,C,C,2.338564124397172,0.3596880497103251,0.015081206496519721,High
123,124,E,4.109339211323295,H,H,4.109339211323295,0.5915579839681296,0.016241299303944315,Medium
124,125,R,4.394079996452516,H,H,4.394079996452516,0.5679674098348222,0.013921113689095127,Medium
125,126,Y,2.140709104473182,H,H,2.140709104473182,0.2883263824883459,0.01160092807424594,High
126,127,K,4.952350109978899,H,H,4.952350109978899,0.6333061208511196,0.01160092807424594,Medium
127,128,S,4.76499316982299,H,H,4.76499316982299,0.6128320594510216,0.01160092807424594,Medium
128,129,F,2.6970694406920077,H,H,2.6970694406920077,0.4729814468431697,0.010440835266821345,High
129,130,K,2.45104231620427,H,H,2.45104231620427,0.3987710543883535,0.009280742459396751,High
130,131,E,3.3223941418948035,H,H,3.3223941418948035,0.581395843587391,0.00580046403712297,High
131,132,F,1.269199001243232,H,H,1.269199001243232,0.1238353694846786,0.004640371229698376,High
132,133,T,2.582016836468739,H,H,2.582016836468739,0.4444563044713113,0.004640371229698376,High
133,134,S,2.9072763693370494,T,C,2.9072763693370494,0.4460238695167919,0.004640371229698376,High
134,135,V,1.9613753954307729,S,C,1.9613753954307729,0.2297979560991095,0.004640371229698376,High
135,136,F,2.0050785013822923,T,C,2.0050785013822923,0.2523607771396571,0.00580046403712297,High
136,137,G,1.000546905594492,T,C,1.000546905594492,0.0009031642398685,0.004640371229698376,High
137,138,V,2.233673465148263,C,C,2.233673465148263,0.3471261095483102,0.004640371229698376,High
138,139,G,1.000521176327945,C,C,1.000521176327945,0.0008647722259644,0.004640371229698376,High
139,140,V,2.580051418454321,H,H,2.580051418454321,0.469394916604574,0.004640371229698376,High
140,141,K,5.201178832418588,H,H,5.201178832418588,0.609404233876054,0.004640371229698376,Medium
141,142,T,1.7699173412979894,H,H,1.7699173412979894,0.3308970677742517,0.004640371229698376,High
142,143,S,1.1609701462042583,H,H,1.1609701462042583,0.1083821975191827,0.004640371229698376,High
143,144,E,4.963900145825159,H,H,4.963900145825159,0.5947300811913162,0.004640371229698376,Medium
144,145,K,1.9403704321189013,H,H,1.9403704321189013,0.3411695506272745,0.004640371229698376,High
145,146,W,1.1221449202668592,H,H,1.1221449202668592,0.082407493070795,0.004640371229698376,High
146,147,F,2.455487942893808,H,H,2.455487942893808,0.4052374013767157,0.004640371229698376,High
147,148,R,5.182354361314615,H,H,5.182354361314615,0.6386371244229863,0.004640371229698376,Medium
148,149,M,9.067352253406936,T,C,9.067352253406936,0.7811551528687266,0.00580046403712297,Medium
149,150,G,1.542842259468746,T,C,1.542842259468746,0.2525777139728026,0.004640371229698376,High
150,151,L,2.7588457069432217,C,C,2.7588457069432217,0.499456138626522,0.00580046403712297,High
151,152,R,1.883413837590617,C,C,1.883413837590617,0.3833415907063389,0.00580046403712297,High
152,153,T,2.273785730993931,S,C,2.273785730993931,0.3763493274679469,0.004640371229698376,High
153,154,V,3.257052908924809,H,H,3.257052908924809,0.4718325465394879,0.004640371229698376,High
154,155,E,4.623499310304215,H,H,4.623499310304215,0.6145721303486917,0.004640371229698376,Medium
155,156,E,1.3783127753261093,H,H,1.3783127753261093,0.2125793398902744,0.004640371229698376,High
156,157,V,3.1916761663416398,H,H,3.1916761663416398,0.4155453044686824,0.004640371229698376,High
157,158,K,4.933945187228812,H,H,4.933945187228812,0.6184081043212545,0.004640371229698376,Medium
158,159,A,6.893647362931462,H,H,6.893647362931462,0.7217027389130751,0.004640371229698376,Medium
159,160,D,9.29425842976118,C,C,9.29425842976118,0.815467194463266,0.00580046403712297,Medium
160,161,K,7.519675887633422,T,C,7.519675887633422,0.755862147493104,0.46867749419953597,Medium
161,162,T,9.69291625105083,T,C,9.69291625105083,0.8327365205412619,0.01160092807424594,Medium
162,163,L,9.525480411100682,C,C,9.525480411100682,0.8068397874824961,0.01160092807424594,Medium
163,164,K,6.3024258285221535,C,C,6.3024258285221535,0.6932855673361403,0.0069605568445475635,Medium
164,165,L,3.3408376652081366,C,C,3.3408376652081366,0.5625312916149339,0.0069605568445475635,High
165,166,S,5.125338035977657,C,C,5.125338035977657,0.6074604251109934,0.0069605568445475635,Medium
166,167,K,10.043469764489492,H,H,10.043469764489492,0.8328678937780943,0.00580046403712297,Low
167,168,M,4.101772259100281,H,H,4.101772259100281,0.6049918347418095,0.0069605568445475635,Medium
168,169,Q,3.207338460412038,H,H,3.207338460412038,0.4796016846315129,0.0069605568445475635,High
169,170,R,7.807473703222078,H,H,7.807473703222078,0.7458340232071339,0.00580046403712297,Medium
170,171,A,4.350279372581468,H,H,4.350279372581468,0.6525826726924124,0.0034802784222737818,Medium
171,172,G,1.003703566916027,H,H,1.003703566916027,0.0046506455282549,0.001160092807424594,High
172,173,F,2.287301421661092,H,H,2.287301421661092,0.3745938360604449,0.001160092807424594,High
173,174,L,3.998195583513124,H,H,3.998195583513124,0.6061716717876545,0.001160092807424594,High
174,175,Y,2.831737179439402,T,C,2.831737179439402,0.4242595524010299,0.001160092807424594,High
175,176,Y,2.192753326002849,H,H,2.192753326002849,0.330876122315319,0.001160092807424594,High
176,177,E,4.371748082157558,H,H,4.371748082157558,0.6054846185868539,0.001160092807424594,Medium
177,178,D,1.4022315171457398,H,H,1.4022315171457398,0.195709861675206,0.001160092807424594,High
178,179,L,1.1274969710858005,H,H,1.1274969710858005,0.0877784865847734,0.001160092807424594,High
179,180,V,3.3360845760404816,H,H,3.3360845760404816,0.5733432203373934,0.0,High
180,181,S,5.5905394486674105,S,C,5.5905394486674105,0.6913318674990515,0.0,Medium
181,182,C,2.037808476730951,P,H,2.037808476730951,0.3989867560903973,0.0,High
182,183,V,1.6218409225735957,E,E,1.6218409225735957,0.2283820650001129,0.0,High
183,184,S,4.905741482970204,E,E,4.905741482970204,0.6283169806102152,0.0,Medium
184,185,K,3.0275210837762665,H,H,3.0275210837762665,0.4175803059130714,0.0,High
185,186,A,7.230335314292906,H,H,7.230335314292906,0.7352474205372174,0.0,Medium
186,187,E,1.9387304821675675,H,H,1.9387304821675675,0.3598994398755726,0.0,High
187,188,A,1.1226454701094069,H,H,1.1226454701094069,0.0877147267910513,0.0,High
188,189,D,5.581426529601665,H,H,5.581426529601665,0.679408004899277,0.0,Medium
189,190,A,8.237235234137785,H,H,8.237235234137785,0.8026932304113731,0.0,Medium
190,191,V,2.1934606613982552,H,H,2.1934606613982552,0.3777157670053936,0.0,High
191,192,S,9.467631873518334,H,H,9.467631873518334,0.8070234079849878,0.0,Medium
192,193,S,6.889081882240187,H,H,6.889081882240187,0.7277133298300622,0.0,Medium
193,194,I,3.8502296728367873,H,H,3.8502296728367873,0.5377624231761838,0.0,High
194,195,V,2.0519865088842977,H,H,2.0519865088842977,0.3144403333277155,0.0,High
195,196,K,6.015995955871486,H,H,6.015995955871486,0.7019572861925074,0.0,Medium
196,197,N,7.817631669609285,H,H,7.817631669609285,0.7540427225040035,0.0,Medium
197,198,T,3.626210386001164,H,H,3.626210386001164,0.5548998543400133,0.0,High
198,199,V,4.903419865995297,H,H,4.903419865995297,0.5900763722569894,0.001160092807424594,Medium
199,200,C,7.161469473700336,H,H,7.161469473700336,0.7573058825372712,0.002320185614849188,Medium
200,201,T,9.687182487955733,H,H,9.687182487955733,0.8102824511551245,0.002320185614849188,Medium
201,202,F,2.850784535845478,H,H,2.850784535845478,0.4729092166760055,0.002320185614849188,High
202,203,L,3.779352517427217,C,C,3.779352517427217,0.61758879521906,0.001160092807424594,High
203,204,P,1.8397147153749704,T,C,1.8397147153749704,0.3330312778285468,0.001160092807424594,High
204,205,D,2.7140988028344863,T,C,2.7140988028344863,0.483588670734739,0.0,High
205,206,A,5.766697122579961,C,C,5.766697122579961,0.6307414404982671,0.0,Medium
206,207,L,6.66189059464297,E,E,6.66189059464297,0.702031493539968,0.0,Medium
207,208,V,2.6762647720519563,E,E,2.6762647720519563,0.4535620741576505,0.0,High
208,209,T,5.947173671415624,E,E,5.947173671415624,0.6758426024838865,0.0,Medium
209,210,I,2.8041009222939293,E,E,2.8041009222939293,0.4257149854045592,0.0,High
210,211,T,2.6029498348978333,C,C,2.6029498348978333,0.3976170580879395,0.0,High
211,212,G,1.001042206190328,H,H,1.001042206190328,0.0016655336014953,0.0,High
212,213,G,1.0023854768336165,H,H,1.0023854768336165,0.003464731558271,0.0,High
213,214,F,1.3395650335278917,H,H,1.3395650335278917,0.1689722134487799,0.0,High
214,215,R,1.2902456544965173,H,H,1.2902456544965173,0.181281389171058,0.0,High
215,216,R,1.001042341987025,T,C,1.001042341987025,0.0016716652262662,0.001160092807424594,High
216,217,G,1.0111783448959215,T,C,1.0111783448959215,0.0147813844530077,0.009280742459396751,High
217,218,K,1.0090197272152754,C,C,1.0090197272152754,0.012472555845488,0.009280742459396751,High
218,219,K,8.336789247706086,S,C,8.336789247706086,0.7438042214567978,0.009280742459396751,Medium
219,220,I,10.058628433415976,E,E,10.058628433415976,0.8120299986361871,0.01160092807424594,Low
220,221,G,1.05429812037834,E,E,1.05429812037834,0.043212498231689,0.010440835266821345,High
221,222,H,1.0025343248759253,S,C,1.0025343248759253,0.0040703812111236,0.01160092807424594,High
222,223,D,1.0020370573845492,S,C,1.0020370573845492,0.0033242240207112,0.01160092807424594,High
223,224,I,1.914704700198128,E,E,1.914704700198128,0.334110488904131,0.01160092807424594,High
224,225,D,1.0022594579775228,E,E,1.0022594579775228,0.0035051776348621,0.010440835266821345,High
225,226,F,3.089531761186986,E,E,3.089531761186986,0.4070149022730169,0.01160092807424594,High
226,227,L,1.0715460674030262,E,E,1.0715460674030262,0.0517336474268906,0.013921113689095127,High
227,228,I,2.149617101021235,E,E,2.149617101021235,0.3525413017896769,0.01160092807424594,High
228,229,T,2.2298112894071407,E,E,2.2298112894071407,0.299126539679056,0.01160092807424594,High
229,230,S,1.4430612429873206,C,C,1.4430612429873206,0.2342271339619924,0.010440835266821345,High
230,231,P,1.617078206839918,S,C,1.617078206839918,0.3101144586194287,0.010440835266821345,High
231,232,G,5.677783579772932,S,C,5.677783579772932,0.6575666534830067,0.009280742459396751,Medium
232,233,Q,2.4386643647021007,P,H,2.4386643647021007,0.4916817687859622,0.009280742459396751,High
233,234,R,1.7632476313995502,P,H,1.7632476313995502,0.3567511143588005,0.009280742459396751,High
234,235,E,4.607999006215089,P,H,4.607999006215089,0.6349378141274149,0.009280742459396751,Medium
235,236,D,1.6173866670303592,C,C,1.6173866670303592,0.3025012151321419,0.012761020881670533,High
236,237,D,8.803783344097452,T,C,8.803783344097452,0.7891737244596978,0.013921113689095127,Medium
237,238,E,1.395484114464858,T,C,1.395484114464858,0.2487084237498412,0.01740139211136891,High
238,239,L,1.966386979969832,T,C,1.966386979969832,0.3361136407322552,0.013921113689095127,High
239,240,L,1.1640658709060765,T,C,1.1640658709060765,0.1061454447415564,0.012761020881670533,High
240,241,H,7.215022327947865,C,C,7.215022327947865,0.7384477768410136,0.016241299303944315,Medium
241,242,K,2.883479090240216,S,C,2.883479090240216,0.5352220648754719,0.016241299303944315,High
242,243,G,2.824618722291888,T,C,2.824618722291888,0.4327503222250213,0.5185614849187935,Uncertain
243,244,L,3.040252086512264,T,C,3.040252086512264,0.4572036101170546,0.5162412993039444,Uncertain
244,245,L,2.2990654251068454,E,E,2.2990654251068454,0.3286265507112604,0.5150812064965197,Uncertain
245,246,L,2.539681301627035,E,E,2.539681301627035,0.3684717865802966,0.012761020881670533,High
246,247,Y,4.311007646310692,E,E,4.311007646310692,0.5897531981211425,0.01160092807424594,Medium
247,248,C,10.403703266896006,E,E,10.403703266896006,0.8199644206352178,0.012761020881670533,Low
248,249,D,5.637135431490405,E,E,5.637135431490405,0.7012943986310936,0.012761020881670533,Medium
249,250,I,1.3313957958123652,E,E,1.3313957958123652,0.213678746650478,0.01160092807424594,High
250,251,I,7.843883261035799,E,E,7.843883261035799,0.7412868295437225,0.013921113689095127,Medium
251,252,E,7.851080054827284,C,C,7.851080054827284,0.755757921656875,0.015081206496519721,Medium
252,253,S,5.312855269148431,C,C,5.312855269148431,0.6568266655286428,0.015081206496519721,Medium
253,254,T,3.992110867010948,C,C,3.992110867010948,0.5691108397862547,0.02088167053364269,High
254,255,F,3.6611187555261098,C,C,3.6611187555261098,0.5799351472514762,0.022041763341067284,High
255,256,V,3.848039405371372,C,C,3.848039405371372,0.5636134623056525,0.025522041763341066,High
256,257,K,3.671322460691152,T,C,3.671322460691152,0.5860652414157276,0.025522041763341066,High
257,258,E,3.8852831003005774,T,C,3.8852831003005774,0.578442976136354,0.024361948955916472,High
258,259,Q,6.527485132459661,P,H,6.527485132459661,0.7258264635828657,0.024361948955916472,Medium
259,260,I,11.849514175800092,P,H,11.849514175800092,0.8737658526690691,0.024361948955916472,Low
260,261,P,12.420814564057352,P,H,12.420814564057352,0.8817117235958584,0.025522041763341066,Low
261,262,S,7.125070857943598,P,H,7.125070857943598,0.7369714026457063,0.03248259860788863,Medium
262,263,R,7.455902944737397,S,C,7.455902944737397,0.7411505534580622,0.033642691415313224,Medium
263,264,H,8.33332256529971,C,C,8.33332256529971,0.770890345391318,0.0568445475638051,Medium
264,265,V,4.962797267866457,T,C,4.962797267866457,0.6339958939834659,0.03596287703016241,Medium
265,266,D,6.4084887192591244,T,C,6.4084887192591244,0.719324044467196,0.03248259860788863,Medium
266,267,A,5.901631478150279,P,H,5.901631478150279,0.6712261504297966,0.029002320185614848,Medium
267,268,M,3.730796283418353,P,H,3.730796283418353,0.5162091836525007,0.02320185614849188,High
268,269,D,1.001096438623358,P,H,1.001096438623358,0.0017462119565125,0.02320185614849188,High
269,270,H,2.1595544127559694,S,C,2.1595544127559694,0.4097192972519614,0.02320185614849188,High
270,271,F,1.7874987978114223,S,C,1.7874987978114223,0.2756377821081409,0.02320185614849188,High
271,272,Q,1.944205116639968,E,E,1.944205116639968,0.3421659704848704,0.02320185614849188,High
272,273,K,2.080062389111351,E,E,2.080062389111351,0.3510451752657484,0.02320185614849188,High
273,274,C,2.788307018363588,E,E,2.788307018363588,0.4497188931537993,0.02320185614849188,High
274,275,F,2.2856787987991503,E,E,2.2856787987991503,0.3715114548862346,0.02320185614849188,High
275,276,A,4.618408641280304,E,E,4.618408641280304,0.5833700992463493,0.02320185614849188,Medium
276,277,I,1.2644611588942845,E,E,1.2644611588942845,0.1555116019513117,0.024361948955916472,High
277,278,L,3.055526327945728,E,E,3.055526327945728,0.4707576244029443,0.02320185614849188,High
278,279,K,2.442625181059691,E,E,2.442625181059691,0.4191036120401252,0.022041763341067284,High
279,280,L,3.263562408652626,E,E,3.263562408652626,0.5045116359825534,0.02088167053364269,High
280,281,Y,2.924566133431268,E,E,2.924566133431268,0.543258822984273,0.02088167053364269,High
281,282,Q,5.410424505873006,P,H,5.410424505873006,0.7326153403956648,0.02088167053364269,Medium
282,283,P,8.982209319455919,P,H,8.982209319455919,0.8032614328305546,0.02088167053364269,Medium
283,284,R,7.643982613215814,P,H,7.643982613215814,0.7848648342626996,0.16937354988399073,Medium
284,285,V,12.506033521031622,C,C,12.506033521031622,0.87158171683061,0.4431554524361949,Low
285,286,D,9.022907360753903,C,C,9.022907360753903,0.8001597491768179,0.5382830626450116,Uncertain
286,287,N,8.923437796607605,C,C,8.923437796607605,0.8117168103573654,0.537122969837587,Uncertain
287,288,S,7.276432691182544,T,C,7.276432691182544,0.7554596270557581,0.5243619489559165,Uncertain
288,289,S,8.033389251168899,T,C,8.033389251168899,0.7832715939846853,0.5208816705336426,Uncertain
289,290,Y,7.8966167056042895,S,C,7.8966167056042895,0.7895884385091421,0.43039443155452434,Medium
290,291,N,9.65388634992752,C,C,9.65388634992752,0.826977527442044,0.23317865429234338,Medium
291,292,M,9.191778117146022,T,C,9.191778117146022,0.8021594047765219,0.21577726218097448,Medium
292,293,S,9.697502156443422,T,C,9.697502156443422,0.8219301268167785,0.21693735498839908,Medium
293,294,K,8.77196982236435,C,C,8.77196982236435,0.7995043456293275,0.22041763341067286,Medium
294,295,K,7.277481547326746,C,C,7.277481547326746,0.7331277828152137,0.23201856148491878,Medium
295,296,C,8.70368475542067,C,C,8.70368475542067,0.7868158214921527,0.21461716937354988,Medium
296,297,D,9.127149028576005,C,C,9.127149028576005,0.8115113547040098,0.048723897911832945,Medium
297,298,M,6.045618595352453,C,C,6.045618595352453,0.7162890353952123,0.04176334106728538,Medium
298,299,A,8.639084959018383,C,C,8.639084959018383,0.7892086245456452,0.0382830626450116,Medium
299,300,E,7.652250198468923,C,C,7.652250198468923,0.8071921009199258,0.03248259860788863,Medium
300,301,V,6.294544668707593,C,C,6.294544668707593,0.7134067737918297,0.030162412993039442,Medium
301,302,K,3.039528191726282,C,C,3.039528191726282,0.5068650085175531,0.02668213457076566,High
302,303,D,7.882821938395629,C,C,7.882821938395629,0.7386194233599961,0.024361948955916472,Medium
303,304,W,1.415509099870742,E,E,1.415509099870742,0.2520363978457403,0.022041763341067284,High
304,305,K,6.10877490141244,E,E,6.10877490141244,0.6600172864341926,0.022041763341067284,Medium
305,306,A,1.5193544646071386,E,E,1.5193544646071386,0.2545815581719755,0.022041763341067284,High
306,307,I,3.542062288672893,E,E,3.542062288672893,0.4975705245918545,0.02088167053364269,High
307,308,R,1.0013707442465485,E,E,1.0013707442465485,0.002047940849443,0.02088167053364269,High
308,309,V,1.112518385815523,E,E,1.112518385815523,0.0736855104227286,0.02088167053364269,High
309,310,D,1.00027399117831,E,E,1.00027399117831,0.000452467681221,0.02088167053364269,High
310,311,L,1.7851017674034342,E,E,1.7851017674034342,0.2894645707984791,0.02088167053364269,High
311,312,V,1.9296121924770384,E,E,1.9296121924770384,0.2266549595468298,0.02088167053364269,High
312,313,I,2.570965598051018,E,E,2.570965598051018,0.3997089081928471,0.02088167053364269,High
313,314,T,4.467545577986853,C,C,4.467545577986853,0.5311908402447723,0.02088167053364269,Medium
314,315,P,1.112035067945596,C,C,1.112035067945596,0.0726339664820006,0.02088167053364269,High
315,316,F,8.329075338545543,G,H,8.329075338545543,0.7914757740285258,0.02088167053364269,Medium
316,317,E,2.061820618601665,G,H,2.061820618601665,0.4098053894708714,0.02088167053364269,High
317,318,Q,1.193615243528354,G,H,1.193615243528354,0.1312503122442167,0.02088167053364269,High
318,319,Y,2.735296011164238,H,H,2.735296011164238,0.4013226825310225,0.02088167053364269,High
319,320,A,4.3514674802455575,H,H,4.3514674802455575,0.5420873505162415,0.02088167053364269,Medium
320,321,Y,2.0075280496516936,H,H,2.0075280496516936,0.2528800097721018,0.02088167053364269,High
321,322,A,1.246083908826484,H,H,1.246083908826484,0.1491875147944423,0.022041763341067284,High
322,323,L,1.5140060404375315,H,H,1.5140060404375315,0.2457321803759639,0.02088167053364269,High
323,324,L,2.537177484612714,H,H,2.537177484612714,0.3726625546147486,0.02088167053364269,High
324,325,G,1.1058562839656538,H,H,1.1058562839656538,0.0672768581431109,0.02088167053364269,High
325,326,W,1.0,H,H,1.0,0.0,0.02088167053364269,High
326,327,T,1.0682008848658229,H,H,1.0682008848658229,0.0582089979700544,0.02088167053364269,High
327,328,G,1.0,C,C,1.0,0.0,0.02088167053364269,High
328,329,S,2.0081990302453234,C,C,2.0081990302453234,0.2622210416246859,0.02088167053364269,High
329,330,R,1.4506865190154126,H,H,1.4506865190154126,0.2152573199607147,0.02088167053364269,High
330,331,Q,4.267599891398856,H,H,4.267599891398856,0.5458681836094728,0.05916473317865429,Medium
331,332,F,1.3502205014160868,H,H,1.3502205014160868,0.1454192229555698,0.052204176334106726,High
332,333,G,2.1273656637647664,H,H,2.1273656637647664,0.3514685948410067,0.054524361948955914,High
333,334,R,1.0029404452528852,H,H,1.0029404452528852,0.0046458272772636,0.054524361948955914,High
334,335,D,2.4037099774168427,H,H,2.4037099774168427,0.3907244492921582,0.054524361948955914,High
335,336,L,1.6598562262286,H,H,1.6598562262286,0.2510258881052064,0.054524361948955914,High
336,337,R,1.1091896121001166,H,H,1.1091896121001166,0.070343310076353,0.05568445475638051,High
337,338,R,3.7950144367027567,H,H,3.7950144367027567,0.5267056861305255,0.05568445475638051,High
338,339,Y,1.2081886467433165,H,H,1.2081886467433165,0.1214653077399881,0.05568445475638051,High
339,340,A,1.7855427586904886,H,H,1.7855427586904886,0.2576901900414017,0.058004640371229696,High
340,341,T,7.418215691793829,H,H,7.418215691793829,0.7527761359339538,0.058004640371229696,Medium
341,342,H,3.705105431671663,H,H,3.705105431671663,0.5552048547065217,0.06148491879350348,High
342,343,E,2.073145870111194,H,H,2.073145870111194,0.3976093339862794,0.058004640371229696,High
343,344,R,2.8825735777203216,S,C,2.8825735777203216,0.4641028128374232,0.058004640371229696,High
344,345,K,2.941510054048821,C,C,2.941510054048821,0.5062818266223853,0.0568445475638051,High
345,346,M,2.4916250979452825,E,E,2.4916250979452825,0.4289495299915172,0.0568445475638051,High
346,347,M,5.204090737413069,E,E,5.204090737413069,0.6702019774767017,0.0568445475638051,Medium
347,348,L,1.1638415911530702,E,E,1.1638415911530702,0.0992624843406934,0.058004640371229696,High
348,349,D,2.683813085899428,C,C,2.683813085899428,0.3805124458427804,0.058004640371229696,High
349,350,N,1.5021858287643703,S,C,1.5021858287643703,0.206308121610432,0.05916473317865429,High
350,351,H,1.303922109258446,S,C,1.303922109258446,0.162041827709921,0.05916473317865429,High
351,352,A,1.7110052414005748,C,C,1.7110052414005748,0.2895286598514118,0.058004640371229696,High
352,353,L,1.5465503129331373,E,E,1.5465503129331373,0.2468664098855938,0.058004640371229696,High
353,354,Y,2.766308670056885,E,E,2.766308670056885,0.3873735009783592,0.058004640371229696,High
354,355,D,1.4541211956394584,E,E,1.4541211956394584,0.2282377369727558,0.058004640371229696,High
355,356,K,9.247447906022218,T,C,9.247447906022218,0.8116457847038576,0.060324825986078884,Medium
356,357,R,7.352333854624628,T,C,7.352333854624628,0.731162031876303,0.07540603248259861,Medium
357,358,K,5.658805433418441,T,C,5.658805433418441,0.6616139418142772,0.08352668213457076,Medium
358,359,R,7.769279631424446,T,C,7.769279631424446,0.7382074797291331,0.11136890951276102,Medium
359,360,V,6.822938558495101,E,E,6.822938558495101,0.6937271728002202,0.14153132250580047,Medium
360,361,F,6.717490731373732,E,E,6.717490731373732,0.7387058298489654,0.15081206496519722,Medium
361,362,L,2.253361622007762,E,E,2.253361622007762,0.350149329109917,0.154292343387471,High
362,363,K,3.4831942958503097,C,C,3.4831942958503097,0.609858509914104,0.1554524361948956,High
363,364,A,1.1471648202148634,C,C,1.1471648202148634,0.0973122730399905,0.1554524361948956,High
364,365,G,5.394023188065185,S,C,5.394023188065185,0.6683454438038949,0.1554524361948956,Medium
365,366,S,2.255200291334158,S,C,2.255200291334158,0.3267227556719932,0.15893271461716937,High
366,367,E,1.0249099721658768,H,H,1.0249099721658768,0.0223809730677169,0.16125290023201855,High
367,368,E,3.557628931703356,H,H,3.557628931703356,0.4882334829082691,0.16125290023201855,High
368,369,E,2.1876972790863114,H,H,2.1876972790863114,0.3259193220278396,0.16125290023201855,High
369,370,I,1.977139398548707,H,H,1.977139398548707,0.2302207478291751,0.16125290023201855,High
370,371,F,1.0002583961106977,H,H,1.0002583961106977,0.0004292442533175,0.16125290023201855,High
371,372,A,8.339269061394559,H,H,8.339269061394559,0.7419866508666944,0.16125290023201855,Medium
372,373,H,5.430101716642219,H,H,5.430101716642219,0.6289514268764127,0.16125290023201855,Medium
373,374,L,1.0111459542743015,H,H,1.0111459542743015,0.0116764374473172,0.16125290023201855,High
374,375,G,3.2014225882272864,T,C,3.2014225882272864,0.5058866278562659,0.16357308584686775,High
375,376,L,1.026135960558914,C,C,1.026135960558914,0.026090962956463,0.16357308584686775,High
376,377,D,6.199375496330165,C,C,6.199375496330165,0.6544565036443606,0.16473317865429235,Medium
377,378,Y,1.4303118822704188,C,C,1.4303118822704188,0.1988026301908987,0.16589327146171692,High
378,379,V,3.8009737769092022,C,C,3.8009737769092022,0.54043743634619,0.16705336426914152,High
379,380,E,2.931032035677518,C,C,2.931032035677518,0.4720356401677869,0.16705336426914152,High
380,381,P,1.14618861478792,G,H,1.14618861478792,0.0997087835064246,0.16705336426914152,High
381,382,W,6.04315056311659,G,H,6.04315056311659,0.7041929138689489,0.16705336426914152,Medium
382,383,E,2.8901828244914665,G,H,2.8901828244914665,0.4548790290449588,0.16705336426914152,High
383,384,R,1.0,B,E,1.0,0.0,0.16821345707656613,High
384,385,N,1.0,C,C,1.0,0.0,0.17053364269141533,High
385,386,A,1.0,C,C,1.0,0.0,0.2494199535962877,High
