,position,query_aa,non_standard,conservation_score(neff),conservation_level,top_aa,top_freq,num_aa_types,neff,entropy,sequence_context,is_non_conserved(method=neff),ss_8,ss_3
0,1,M,,1.0,.,M,1.0,1,1.0,0.0,[M]HHHHH,False,C,C
1,2,H,,1.0,.,H,1.0,1,1.0,0.0,M[H]HHHHH,False,C,C
2,3,H,,1.0,.,H,1.0,1,1.0,0.0,MH[H]HHHHG,False,C,C
3,4,H,,2.980104294457794,.,R,0.5714285714285714,3,2.980104294457794,0.3656212876897614,MHH[H]HHHGG,False,C,C
4,5,H,,2.6601951473683485,.,L,0.3333333333333333,5,2.6601951473683485,0.39334282341789983,MHHH[H]HHGGS,False,C,C
5,6,H,,4.323910934919816,.,H,0.18181818181818182,10,4.323910934919816,0.5840491688219445,MHHHH[H]HGGSG,False,C,C
6,7,H,,5.238287409037589,.,E,0.2702702702702703,12,5.238287409037589,0.6212374920505084,HHHHH[H]GGSGY,False,C,C
7,8,G,,3.315247849975731,.,E,0.3898305084745763,12,3.315247849975731,0.5404325199374967,HHHHH[G]GSGYP,False,C,C
8,9,G,,4.348644043805027,.,Q,0.4342105263157895,14,4.348644043805027,0.5801518149842737,HHHHG[G]SGYPT,False,C,C
9,10,S,,4.938942995483022,.,D,0.3,14,4.938942995483022,0.6142619310609306,HHHGG[S]GYPTL,False,C,C
10,11,G,,4.99104170425916,.,Q,0.22699386503067484,18,4.99104170425916,0.6368937725505084,HHGGS[G]YPTLK,False,C,C
11,12,Y,,4.4292931989691695,.,R,0.4600760456273764,16,4.4292931989691695,0.6319760156405534,HGGSG[Y]PTLKT,False,C,C
12,13,P,,7.444257551402884,M,H,0.5174603174603175,14,7.444257551402884,0.7415838925700613,GGSGY[P]TLKTP,True,C,C
13,14,T,,7.932078397959843,M,R,0.2655367231638418,17,7.932078397959843,0.7495622055493761,GSGYP[T]LKTPE,True,C,C
14,15,L,,6.9997479289643065,M,L,0.587012987012987,17,6.9997479289643065,0.7213290656693192,SGYPT[L]KTPES,True,C,C
15,16,K,,6.9664951181531265,M,Q,0.27122641509433965,19,6.9664951181531265,0.6784722062277321,GYPTL[K]TPESE,True,C,C
16,17,T,,10.419591768516156,H,V,0.20086393088552915,17,10.419591768516156,0.8222235050169596,YPTLK[T]PESEV,True,C,C
17,18,P,,7.585050805102721,M,Q,0.1529175050301811,20,7.585050805102721,0.7783089725904381,PTLKT[P]ESEVS,True,C,C
18,19,E,,6.0224880645432615,M,E,0.2158671586715867,20,6.0224880645432615,0.7267959934034913,TLKTP[E]SEVSS,True,C,C
19,20,S,,12.433852396238143,H,P,0.14720812182741116,20,12.433852396238143,0.8810336176227314,LKTPE[S]EVSSF,True,C,C
20,21,E,,10.270375180844686,H,E,0.14533965244865718,19,10.270375180844686,0.8187677211983084,KTPES[E]VSSFT,True,C,C
21,22,V,,7.624004826054324,M,E,0.15844544095665172,18,7.624004826054324,0.7640112380638553,TPESE[V]SSFTA,True,C,C
22,23,S,,8.927687421226906,M,P,0.2521865889212828,16,8.927687421226906,0.7770333061266628,PESEV[S]SFTAS,True,C,C
23,24,S,,9.96415384792257,M,P,0.27170868347338933,19,9.96415384792257,0.8145328821277414,ESEVS[S]FTASK,True,C,C
24,25,F,,10.212655169944062,H,P,0.17798913043478262,19,10.212655169944062,0.8409188524503936,SEVSS[F]TASKV,True,C,C
25,26,T,,9.286523331474319,M,P,0.1877496671105193,19,9.286523331474319,0.8178710471526807,EVSSF[T]ASKVS,True,C,C
26,27,A,,11.423070767455032,H,V,0.2760416666666667,20,11.423070767455032,0.8515426785901309,VSSFT[A]SKVSQ,True,G,H
27,28,S,,12.035083538131968,H,A,0.1643132220795892,20,12.035083538131968,0.8769365746967811,SSFTA[S]KVSQY,True,G,H
28,29,K,,10.258418858498306,H,T,0.18781725888324874,20,10.258418858498306,0.8390423247772888,SFTAS[K]VSQYS,True,G,H
29,30,V,,6.193543199289792,M,V,0.5328282828282829,14,6.193543199289792,0.692821333201779,FTASK[V]SQYSC,True,S,C
30,31,S,,6.14060112214478,M,S,0.4880503144654088,15,6.14060112214478,0.6710633246010866,TASKV[S]QYSCQ,True,C,C
31,32,Q,,6.497669654158007,M,Q,0.3660377358490566,17,6.497669654158007,0.7232247140199246,ASKVS[Q]YSCQR,True,S,C
32,33,Y,,1.5046176424484923,.,Y,0.9396984924623115,6,1.5046176424484923,0.2591091466196108,SKVSQ[Y]SCQRK,False,S,C
33,34,S,,3.519673282544333,.,A,0.8546365914786967,8,3.519673282544333,0.5037906566217348,KVSQY[S]CQRKT,False,G,H
34,35,C,,1.229373943594345,.,C,0.99375,4,1.229373943594345,0.1328322854446585,VSQYS[C]QRKTT,False,G,H
35,36,Q,,1.574109465384905,.,Q,0.9463171036204744,8,1.574109465384905,0.25962028739130655,SQYSC[Q]RKTTL,False,G,H
36,37,R,,1.0585643251397487,.,R,0.9912609238451935,7,1.0585643251397487,0.052140900443132486,QYSCQ[R]KTTLN,False,S,C
37,38,K,,7.927567566672763,M,R,0.6346633416458853,16,7.927567566672763,0.764364669045995,YSCQR[K]TTLNN,True,C,C
38,39,T,,2.0454509792998365,.,T,0.9214463840399002,9,2.0454509792998365,0.3392132487510268,SCQRK[T]TLNNC,False,B,E
39,40,T,,2.187984045977982,.,T,0.5224438902743143,14,2.187984045977982,0.4204371085780218,CQRKT[T]LNNCN,False,C,C
40,41,L,,1.0675586627081084,.,L,0.8169364881693649,12,1.0675586627081084,0.06538520566201939,QRKTT[L]NNCNK,False,S,C
41,42,N,,6.915416626366602,M,N,0.24408468244084683,17,6.915416626366602,0.7094635533711663,RKTTL[N]NCNKK,True,C,C
42,43,N,,1.3295180288812314,.,N,0.5648379052369077,12,1.3295180288812314,0.17388213173422878,KTTLN[N]CNKKF,False,C,C
43,44,C,,3.2745420026231047,.,H,0.47820672478206727,19,3.2745420026231047,0.5653641087874295,TTLNN[C]NKKFT,False,T,C
44,45,N,,1.0047358352284788,.,N,0.9776674937965261,7,1.0047358352284788,0.006812258145074494,TLNNC[N]KKFTD,False,T,C
45,46,K,,7.470571102490298,M,K,0.30607187112763323,19,7.470571102490298,0.748183046141849,LNNCN[K]KFTDA,True,H,H
46,47,K,,5.914773025057968,.,I,0.2896039603960396,19,5.914773025057968,0.7033580041278016,NNCNK[K]FTDAF,False,H,H
47,48,F,,2.7271939585888743,.,F,0.5098765432098765,8,2.7271939585888743,0.3609070630595528,NCNKK[F]TDAFE,False,H,H
48,49,T,,1.6704749954929452,.,T,0.8286066584463625,11,1.6704749954929452,0.2718330057282314,CNKKF[T]DAFEI,False,H,H
49,50,D,,2.9989604777406327,.,D,0.6968973747016707,15,2.9989604777406327,0.46118054159712935,NKKFT[D]AFEIM,False,H,H
50,51,A,,1.5751545966741902,.,A,0.9474940334128878,8,1.5751545966741902,0.27262585723147914,KKFTD[A]FEIMA,False,H,H
51,52,F,,1.2489910018778252,.,L,0.6229116945107399,7,1.2489910018778252,0.13588972671285796,KFTDA[F]EIMAE,False,H,H
52,53,E,,1.575129521023822,.,E,0.7246722288438617,11,1.575129521023822,0.2772780217766637,FTDAF[E]IMAEN,False,H,H
53,54,I,,4.297703679450811,.,V,0.3206197854588796,12,4.297703679450811,0.5461844102436809,TDAFE[I]MAENY,False,H,H
54,55,M,,1.401395726296947,.,L,0.8843861740166865,5,1.401395726296947,0.18572652636817397,DAFEI[M]AENYE,False,H,H
55,56,A,,2.8987111654496016,.,A,0.8688915375446961,11,2.8987111654496016,0.4505926331673797,AFEIM[A]ENYEF,False,H,H
56,57,E,,3.687732421787449,.,E,0.8605482717520858,14,3.687732421787449,0.5416198352685393,FEIMA[E]NYEFK,False,H,H
57,58,N,,5.222354747234469,.,N,0.531585220500596,15,5.222354747234469,0.6117778719386859,EIMAE[N]YEFKE,False,H,H
58,59,Y,,1.529569737908768,.,A,0.5297619047619048,13,1.529569737908768,0.24226293114364764,IMAEN[Y]EFKEN,False,H,H
59,60,E,,4.923588335735224,.,E,0.7119047619047619,17,4.923588335735224,0.659790239722398,MAENY[E]FKENE,False,H,H
60,61,F,,4.097720779534674,.,F,0.7214285714285714,9,4.097720779534674,0.5271535128390991,AENYE[F]KENEI,False,H,H
61,62,K,,8.409337235243635,M,S,0.1976190476190476,20,8.409337235243635,0.7789567622902719,ENYEF[K]ENEIF,True,T,C
62,63,E,,7.4715899230525995,M,E,0.4928571428571429,14,7.4715899230525995,0.7037653696818822,NYEFK[E]NEIFC,True,T,C
63,64,N,,3.992331985505113,.,N,0.4,17,3.992331985505113,0.5787696188264665,YEFKE[N]EIFCL,False,C,C
64,65,E,,4.406796746832776,.,E,0.6488095238095238,17,4.406796746832776,0.5837963369493646,EFKEN[E]IFCLE,False,H,H
65,66,I,,5.006776487397218,.,G,0.6952380952380952,15,5.006776487397218,0.6271731266878123,FKENE[I]FCLEF,False,H,H
66,67,F,,1.0981822454176688,.,R,0.5600475624256838,15,1.0981822454176688,0.08994436692927225,KENEI[F]CLEFL,False,H,H
67,68,C,,2.086078627957886,.,C,0.3555291319857313,14,2.086078627957886,0.4186687217175897,ENEIF[C]LEFLR,False,H,H
68,69,L,,1.1253824166114559,.,L,0.7015457788347206,11,1.1253824166114559,0.09225487442976345,NEIFC[L]EFLRA,False,H,H
69,70,E,,1.159244113253454,.,A,0.668646080760095,11,1.159244113253454,0.1176425184824579,EIFCL[E]FLRAA,False,H,H
70,71,F,,1.2540842705244217,.,F,0.9560570071258907,5,1.2540842705244217,0.1291651352066977,IFCLE[F]LRAAS,False,H,H
71,72,L,,2.9876868283583935,.,R,0.5065243179122183,13,2.9876868283583935,0.5271686219920749,FCLEF[L]RAASV,False,H,H
72,73,R,,2.3873497150196314,.,R,0.9383886255924171,4,2.3873497150196314,0.33717515405889886,CLEFL[R]AASVL,False,H,H
73,74,A,,1.6353651100427526,.,A,0.957345971563981,5,1.6353651100427526,0.25899542235419026,LEFLR[A]ASVLK,False,H,H
74,75,A,,2.2741417825393073,.,A,0.7808056872037915,8,2.2741417825393073,0.31517251555856396,EFLRA[A]SVLKS,False,H,H
75,76,S,,3.4824040739367876,.,S,0.7334123222748815,6,3.4824040739367876,0.4561054986336435,FLRAA[S]VLKSL,False,H,H
76,77,V,,3.316033586779907,.,V,0.8281990521327014,7,3.316033586779907,0.45020215761646915,LRAAS[V]LKSLP,False,H,H
77,78,L,,1.7349952106400799,.,L,0.9739336492890995,5,1.7349952106400799,0.2966873777220087,RAASV[L]KSLPF,False,H,H
78,79,K,,1.13529152245835,.,K,0.9454976303317536,2,1.13529152245835,0.07906279656669454,AASVL[K]SLPFP,False,H,H
79,80,S,,3.0757102106729253,.,S,0.5319905213270142,9,3.0757102106729253,0.44874891060737504,ASVLK[S]LPFPV,False,T,C
80,81,L,,1.1482868562051038,.,L,0.981042654028436,7,1.1482868562051038,0.10399712323023946,SVLKS[L]PFPVT,False,C,C
81,82,P,,1.598308060135697,.,P,0.9135071090047393,13,1.598308060135697,0.29197768252954526,VLKSL[P]FPVTR,False,S,C
82,83,F,,5.374261551661921,.,F,0.28672985781990523,20,5.374261551661921,0.6817195972244315,LKSLP[F]PVTRM,False,S,C
83,84,P,,5.387109848185578,.,P,0.34834123222748814,15,5.387109848185578,0.6248894333617273,KSLPF[P]VTRMK,False,C,C
84,85,V,,2.247344268460973,.,V,0.6492890995260664,5,2.247344268460973,0.31168672090245114,SLPFP[V]TRMKD,False,C,C
85,86,T,,3.9282953833949987,.,T,0.3862559241706161,20,3.9282953833949987,0.5990800161972596,LPFPV[T]RMKDI,False,C,C
86,87,R,,5.483778374051438,.,S,0.3412322274881517,15,5.483778374051438,0.6499975081966192,PFPVT[R]MKDIQ,False,S,C
87,88,M,,4.359411058038165,.,M,0.39763313609467454,13,4.359411058038165,0.5719613139840278,FPVTR[M]KDIQG,False,G,H
88,89,K,,7.144558702647041,M,K,0.22366863905325443,18,7.144558702647041,0.7250602476371895,PVTRM[K]DIQGL,True,G,H
89,90,D,,2.688998974858194,.,D,0.38224852071005916,15,2.688998974858194,0.38627209346274366,VTRMK[D]IQGLP,False,G,H
90,91,I,,3.815669961974882,.,L,0.5301775147928994,9,3.815669961974882,0.4873120533916577,TRMKD[I]QGLPC,False,G,H
91,92,Q,,5.050549301417317,.,Q,0.3183431952662722,18,5.050549301417317,0.6488903434852844,RMKDI[Q]GLPCM,False,T,C
92,93,G,,5.201938169081231,.,G,0.6804733727810651,16,5.201938169081231,0.6182270246415952,MKDIQ[G]LPCMG,False,T,C
93,94,L,,1.7363275164643874,.,L,0.8236686390532545,10,1.7363275164643874,0.3076045993814031,KDIQG[L]PCMGD,False,X,X
94,95,P,,3.964873743174485,.,P,0.9027283511269276,13,3.964873743174485,0.5621412472780678,DIQGL[P]CMGDR,False,T,C
95,96,C,,4.925341092182919,.,C,0.6101895734597157,14,4.925341092182919,0.6359797716259851,IQGLP[C]MGDRV,False,T,C
96,97,M,,2.7405569205061613,.,L,0.566350710900474,8,2.7405569205061613,0.41177249756280737,QGLPC[M]GDRVR,False,C,C
97,98,G,,1.0871018643964732,.,G,0.9561611374407583,8,1.0871018643964732,0.0680406109205486,GLPCM[G]DRVRD,False,C,C
98,99,D,,7.284678659771139,M,E,0.47393364928909953,13,7.284678659771139,0.7081161790265328,LPCMG[D]RVRDV,True,H,H
99,100,R,,1.0692282336813625,.,H,0.6844602609727165,12,1.0692282336813625,0.06582341927895133,PCMGD[R]VRDVI,False,H,H
100,101,V,,2.4365925642682544,.,S,0.49524940617577196,8,2.4365925642682544,0.38236147545496324,CMGDR[V]RDVIE,False,H,H
101,102,R,,3.8162116164846416,.,K,0.3570581257413998,15,3.8162116164846416,0.5293145522684738,MGDRV[R]DVIEE,False,H,H
102,103,D,,5.307061682975982,.,R,0.39644970414201186,19,5.307061682975982,0.6617399396291056,GDRVR[D]VIEEI,False,H,H
103,104,V,,1.6920680119783496,.,V,0.7340425531914894,7,1.6920680119783496,0.20907314478525094,DRVRD[V]IEEII,False,H,H
104,105,I,,1.5615536933526981,.,I,0.7245862884160756,8,1.5615536933526981,0.24574994428397845,RVRDV[I]EEIIE,False,H,H
105,106,E,,4.006653797054375,.,E,0.42789598108747046,14,4.006653797054375,0.5644137137309495,VRDVI[E]EIIEE,False,H,H
106,107,E,,2.068476180911836,.,E,0.7346698113207547,8,2.068476180911836,0.29606221145839173,RDVIE[E]IIEEG,False,H,H
107,108,I,,1.370839116201896,.,I,0.706855791962175,7,1.370839116201896,0.18498358597364167,DVIEE[I]IEEGE,False,H,H
108,109,I,,1.3923608023412282,.,L,0.7464622641509434,11,1.3923608023412282,0.19612316404594923,VIEEI[I]EEGES,False,H,H
109,110,E,,2.5832724384489674,.,E,0.777122641509434,16,2.5832724384489674,0.442876832408515,IEEII[E]EGESS,False,H,H
110,111,E,,5.3085054707466135,.,D,0.3234946871310508,16,5.3085054707466135,0.6315464753988796,EEIIE[E]GESSR,False,H,H
111,112,G,,1.2490481161442772,.,G,0.9811542991755006,10,1.2490481161442772,0.1500493766340763,EIIEE[G]ESSRA,False,S,C
112,113,E,,9.71163301672554,M,E,0.22143698468786807,16,9.71163301672554,0.8088333331862267,IIEEG[E]SSRAK,True,S,C
113,114,S,,1.7836393650539912,.,S,0.7208480565371025,6,1.7836393650539912,0.21899108844932308,IEEGE[S]SRAKD,False,C,C
114,115,S,,8.995211378311048,M,S,0.4216725559481743,20,8.995211378311048,0.782312828031537,EEGES[S]RAKDV,True,H,H
115,116,R,,1.05841492089219,.,E,0.7323113207547169,9,1.05841492089219,0.05413486703074891,EGESS[R]AKDVL,False,H,H
116,117,A,,1.1602479537191268,.,V,0.8928150765606596,6,1.1602479537191268,0.10722854975079471,GESSR[A]KDVLN,False,H,H
117,118,K,,1.7347678864379585,.,E,0.6615566037735849,15,1.7347678864379585,0.3217075794916981,ESSRA[K]DVLND,False,H,H
118,119,D,,6.608091205920846,M,E,0.1770956316410862,17,6.608091205920846,0.7058467687790541,SSRAK[D]VLNDE,True,H,H
119,120,V,,2.3503314891780898,.,V,0.4628975265017668,9,2.3503314891780898,0.4166241988089205,SRAKD[V]LNDER,False,H,H
120,121,L,,5.771102138710626,.,L,0.4528301886792453,15,5.771102138710626,0.6938426810570715,RAKDV[L]NDERY,False,H,H
121,122,N,,5.634433020156245,.,N,0.2776470588235294,18,5.634433020156245,0.686537674530605,AKDVL[N]DERYK,False,H,H
122,123,D,,2.338564124397172,.,S,0.4758539458186101,12,2.338564124397172,0.3596880497103251,KDVLN[D]ERYKS,False,C,C
123,124,E,,4.109339211323295,.,E,0.8761792452830188,13,4.109339211323295,0.5915579839681296,DVLND[E]RYKSF,False,H,H
124,125,R,,4.394079996452516,.,R,0.7447058823529412,13,4.394079996452516,0.5679674098348222,VLNDE[R]YKSFK,False,H,H
125,126,Y,,2.140709104473182,.,Y,0.7758215962441315,10,2.140709104473182,0.28832638248834597,LNDER[Y]KSFKE,False,H,H
126,127,K,,4.952350109978899,.,Q,0.5176056338028169,13,4.952350109978899,0.6333061208511196,NDERY[K]SFKEF,False,H,H
127,128,S,,4.76499316982299,.,T,0.39436619718309857,15,4.76499316982299,0.6128320594510216,DERYK[S]FKEFT,False,H,H
128,129,F,,2.6970694406920073,.,M,0.388042203985932,12,2.6970694406920073,0.4729814468431697,ERYKS[F]KEFTS,False,H,H
129,130,K,,2.45104231620427,.,K,0.9192037470725996,13,2.45104231620427,0.3987710543883535,RYKSF[K]EFTSV,False,H,H
130,131,E,,3.3223941418948035,.,L,0.6231038506417736,16,3.3223941418948035,0.581395843587391,YKSFK[E]FTSVF,False,H,H
131,132,F,,1.269199001243232,.,F,0.7715617715617715,4,1.269199001243232,0.12383536948467863,KSFKE[F]TSVFG,False,H,H
132,133,T,,2.582016836468739,.,T,0.9195804195804196,11,2.582016836468739,0.4444563044713113,SFKEF[T]SVFGV,False,H,H
133,134,S,,2.9072763693370494,.,S,0.5384615384615384,14,2.9072763693370494,0.44602386951679196,FKEFT[S]VFGVG,False,T,C
134,135,V,,1.9613753954307729,.,V,0.541958041958042,5,1.9613753954307729,0.22979795609910952,KEFTS[V]FGVGV,False,S,C
135,136,F,,2.0050785013822923,.,F,0.9591598599766628,6,2.0050785013822923,0.25236077713965716,EFTSV[F]GVGVK,False,T,C
136,137,G,,1.000546905594492,.,G,0.9976689976689976,3,1.000546905594492,0.0009031642398685789,FTSVF[G]VGVKT,False,T,C
137,138,V,,2.233673465148263,.,V,0.9393939393939394,7,2.233673465148263,0.34712610954831025,TSVFG[V]GVKTS,False,C,C
138,139,G,,1.000521176327945,.,G,0.9976689976689976,3,1.000521176327945,0.0008647722259644024,SVFGV[G]VKTSE,False,C,C
139,140,V,,2.5800514184543215,.,V,0.38927738927738925,15,2.5800514184543215,0.469394916604574,VFGVG[V]KTSEK,False,H,H
140,141,K,,5.201178832418588,.,K,0.782051282051282,11,5.201178832418588,0.609404233876054,FGVGV[K]TSEKW,False,H,H
141,142,T,,1.7699173412979894,.,T,0.965034965034965,9,1.7699173412979894,0.33089706777425176,GVGVK[T]SEKWF,False,H,H
142,143,S,,1.1609701462042583,.,A,0.7832167832167832,6,1.1609701462042583,0.10838219751918271,VGVKT[S]EKWFR,False,H,H
143,144,E,,4.963900145825159,.,E,0.4592074592074592,14,4.963900145825159,0.5947300811913162,GVKTS[E]KWFRM,False,H,H
144,145,K,,1.9403704321189015,.,K,0.5128205128205128,17,1.9403704321189015,0.34116955062727455,VKTSE[K]WFRMG,False,H,H
145,146,W,,1.1221449202668592,.,W,0.9883449883449883,6,1.1221449202668592,0.082407493070795,KTSEK[W]FRMGL,False,H,H
146,147,F,,2.4554879428938077,.,Y,0.5932400932400932,11,2.4554879428938077,0.4052374013767157,TSEKW[F]RMGLR,False,H,H
147,148,R,,5.182354361314615,.,R,0.6864801864801865,16,5.182354361314615,0.6386371244229863,SEKWF[R]MGLRT,False,H,H
148,149,M,,9.067352253406936,M,E,0.35122520420070014,16,9.067352253406936,0.7811551528687266,EKWFR[M]GLRTV,True,T,C
149,150,G,,1.5428422594687459,.,G,0.9755244755244755,9,1.5428422594687459,0.2525777139728026,KWFRM[G]LRTVE,False,T,C
150,151,L,,2.7588457069432217,.,L,0.5974329054842473,11,2.7588457069432217,0.499456138626522,WFRMG[L]RTVEE,False,C,C
151,152,R,,1.8834138375906173,.,R,0.8051341890315052,15,1.8834138375906173,0.38334159070633894,FRMGL[R]TVEEV,False,C,C
152,153,T,,2.273785730993931,.,T,0.5769230769230769,14,2.273785730993931,0.3763493274679469,RMGLR[T]VEEVK,False,S,C
153,154,V,,3.2570529089248095,.,L,0.6783216783216783,9,3.2570529089248095,0.4718325465394879,MGLRT[V]EEVKA,False,H,H
154,155,E,,4.623499310304215,.,E,0.25524475524475526,19,4.623499310304215,0.6145721303486917,GLRTV[E]EVKAD,False,H,H
155,156,E,,1.3783127753261093,.,D,0.4533799533799534,14,1.3783127753261093,0.21257933989027444,LRTVE[E]VKADK,False,H,H
156,157,V,,3.1916761663416393,.,L,0.42074592074592077,8,3.1916761663416393,0.41554530446868243,RTVEE[V]KADKT,False,H,H
157,158,K,,4.933945187228812,.,R,0.2692307692307692,21,4.933945187228812,0.6184081043212545,TVEEV[K]ADKTL,False,H,H
158,159,A,,6.893647362931462,M,A,0.27972027972027974,19,6.893647362931462,0.7217027389130751,VEEVK[A]DKTLK,True,H,H
159,160,D,,9.29425842976118,M,D,0.2777129521586931,19,9.29425842976118,0.815467194463266,EEVKA[D]KTLKL,True,C,C
160,161,K,,7.519675887633422,M,K,0.4344978165938865,17,7.519675887633422,0.755862147493104,EVKAD[K]TLKLS,True,T,C
161,162,T,,9.69291625105083,M,S,0.22300469483568075,20,9.69291625105083,0.8327365205412619,VKADK[T]LKLSK,True,T,C
162,163,L,,9.525480411100682,M,L,0.27582159624413144,18,9.525480411100682,0.8068397874824961,KADKT[L]KLSKM,True,C,C
163,164,K,,6.3024258285221535,M,K,0.3726635514018692,17,6.3024258285221535,0.6932855673361403,ADKTL[K]LSKMQ,True,C,C
164,165,L,,3.3408376652081366,.,L,0.8119158878504673,15,3.3408376652081366,0.5625312916149339,DKTLK[L]SKMQR,False,C,C
165,166,S,,5.125338035977657,.,N,0.41238317757009346,11,5.125338035977657,0.6074604251109934,KTLKL[S]KMQRA,False,C,C
166,167,K,,10.043469764489492,H,R,0.4644107351225204,17,10.043469764489492,0.8328678937780943,TLKLS[K]MQRAG,True,H,H
167,168,M,,4.101772259100281,.,M,0.4719626168224299,13,4.101772259100281,0.6049918347418095,LKLSK[M]QRAGF,False,H,H
168,169,Q,,3.207338460412038,.,Q,0.9450934579439252,9,3.207338460412038,0.4796016846315129,KLSKM[Q]RAGFL,False,H,H
169,170,R,,7.807473703222078,M,K,0.33605600933488916,16,7.807473703222078,0.7458340232071339,LSKMQ[R]AGFLY,True,H,H
170,171,A,,4.3502793725814675,.,A,0.7334109429569267,16,4.3502793725814675,0.6525826726924124,SKMQR[A]GFLYY,False,H,H
171,172,G,,1.003703566916027,.,G,0.9976771196283392,3,1.003703566916027,0.004650645528254982,KMQRA[G]FLYYE,False,H,H
172,173,F,,2.2873014216610916,.,L,0.4738675958188153,9,2.2873014216610916,0.37459383606044494,MQRAG[F]LYYED,False,H,H
173,174,L,,3.998195583513124,.,L,0.49361207897793263,15,3.998195583513124,0.6061716717876545,QRAGF[L]YYEDL,False,H,H
174,175,Y,,2.831737179439402,.,H,0.4738675958188153,9,2.831737179439402,0.4242595524010299,RAGFL[Y]YEDLV,False,T,C
175,176,Y,,2.192753326002849,.,Y,0.8257839721254355,8,2.192753326002849,0.33087612231531904,AGFLY[Y]EDLVS,False,H,H
176,177,E,,4.371748082157558,.,E,0.4343786295005807,16,4.371748082157558,0.6054846185868539,GFLYY[E]DLVSC,False,H,H
177,178,D,,1.4022315171457398,.,D,0.9547038327526133,8,1.4022315171457398,0.19570986167520607,FLYYE[D]LVSCV,False,H,H
178,179,L,,1.1274969710858005,.,L,0.7049941927990708,6,1.1274969710858005,0.08777848658477345,LYYED[L]VSCVS,False,H,H
179,180,V,,3.3360845760404816,.,S,0.3422273781902552,17,3.3360845760404816,0.5733432203373934,YYEDL[V]SCVSK,False,H,H
180,181,S,,5.5905394486674105,.,S,0.25870069605568446,17,5.5905394486674105,0.6913318674990515,YEDLV[S]CVSKA,False,S,C
181,182,C,,2.037808476730951,.,P,0.4872389791183295,15,2.037808476730951,0.3989867560903973,EDLVS[C]VSKAE,False,P,H
182,183,V,,1.6218409225735957,.,V,0.9466357308584686,8,1.6218409225735957,0.22838206500011296,DLVSC[V]SKAEA,False,E,E
183,184,S,,4.905741482970204,.,S,0.40023201856148494,19,4.905741482970204,0.6283169806102152,LVSCV[S]KAEAD,False,E,E
184,185,K,,3.0275210837762665,.,K,0.4605568445475638,17,3.0275210837762665,0.4175803059130714,VSCVS[K]AEADA,False,H,H
185,186,A,,7.230335314292906,M,A,0.5788863109048724,20,7.230335314292906,0.7352474205372174,SCVSK[A]EADAV,True,H,H
186,187,E,,1.9387304821675675,.,E,0.8642691415313225,9,1.9387304821675675,0.35989943987557266,CVSKA[E]ADAVS,False,H,H
187,188,A,,1.1226454701094069,.,A,0.9373549883990719,8,1.1226454701094069,0.08771472679105131,VSKAE[A]DAVSS,False,H,H
188,189,D,,5.581426529601665,.,D,0.37122969837587005,18,5.581426529601665,0.679408004899277,SKAEA[D]AVSSI,False,H,H
189,190,A,,8.237235234137785,M,A,0.7354988399071926,19,8.237235234137785,0.8026932304113731,KAEAD[A]VSSIV,True,H,H
190,191,V,,2.1934606613982552,.,I,0.33874709976798145,8,2.1934606613982552,0.3777157670053936,AEADA[V]SSIVK,False,H,H
191,192,S,,9.467631873518334,M,G,0.2737819025522042,18,9.467631873518334,0.8070234079849878,EADAV[S]SIVKN,True,H,H
192,193,S,,6.889081882240187,M,Q,0.24361948955916474,18,6.889081882240187,0.7277133298300622,ADAVS[S]IVKNT,True,H,H
193,194,I,,3.8502296728367873,.,I,0.5220417633410673,11,3.8502296728367873,0.5377624231761838,DAVSS[I]VKNTV,False,H,H
194,195,V,,2.0519865088842977,.,V,0.728538283062645,8,2.0519865088842977,0.3144403333277155,AVSSI[V]KNTVC,False,H,H
195,196,K,,6.015995955871486,M,E,0.3654292343387471,17,6.015995955871486,0.7019572861925074,VSSIV[K]NTVCT,True,H,H
196,197,N,,7.817631669609285,M,E,0.41067285382830626,14,7.817631669609285,0.7540427225040035,SSIVK[N]TVCTF,True,H,H
197,198,T,,3.626210386001164,.,A,0.6322505800464037,12,3.626210386001164,0.5548998543400133,SIVKN[T]VCTFL,False,H,H
198,199,V,,4.903419865995297,.,V,0.775842044134727,11,4.903419865995297,0.5900763722569894,IVKNT[V]CTFLP,False,H,H
199,200,C,,7.161469473700336,M,H,0.1697674418604651,18,7.161469473700336,0.7573058825372712,VKNTV[C]TFLPD,True,H,H
200,201,T,,9.687182487955731,M,A,0.23837209302325582,20,9.687182487955731,0.8102824511551245,KNTVC[T]FLPDA,True,H,H
201,202,F,,2.850784535845478,.,F,0.30348837209302326,13,2.850784535845478,0.4729092166760055,NTVCT[F]LPDAL,False,H,H
202,203,L,,3.7793525174272165,.,L,0.6387921022067363,18,3.7793525174272165,0.61758879521906,TVCTF[L]PDALV,False,C,C
203,204,P,,1.8397147153749704,.,P,0.9163763066202091,11,1.8397147153749704,0.3330312778285468,VCTFL[P]DALVT,False,T,C
204,205,D,,2.7140988028344863,.,G,0.4361948955916473,15,2.7140988028344863,0.483588670734739,CTFLP[D]ALVTI,False,T,C
205,206,A,,5.766697122579961,.,A,0.8259860788863109,11,5.766697122579961,0.6307414404982671,TFLPD[A]LVTIT,False,C,C
206,207,L,,6.66189059464297,M,T,0.22389791183294663,15,6.66189059464297,0.702031493539968,FLPDA[L]VTITG,True,E,E
207,208,V,,2.6762647720519563,.,V,0.6148491879350348,8,2.6762647720519563,0.4535620741576505,LPDAL[V]TITGG,False,E,E
208,209,T,,5.947173671415624,.,T,0.685614849187935,16,5.947173671415624,0.6758426024838865,PDALV[T]ITGGF,False,E,E
209,210,I,,2.8041009222939293,.,L,0.697215777262181,8,2.8041009222939293,0.42571498540455927,DALVT[I]TGGFR,False,E,E
210,211,T,,2.6029498348978333,.,T,0.7865429234338747,9,2.6029498348978333,0.3976170580879395,ALVTI[T]GGFRR,False,C,C
211,212,G,,1.001042206190328,.,G,0.9953596287703016,4,1.001042206190328,0.0016655336014953987,LVTIT[G]GFRRG,False,H,H
212,213,G,,1.0023854768336165,.,G,0.9895591647331786,5,1.0023854768336165,0.003464731558271004,VTITG[G]FRRGK,False,H,H
213,214,F,,1.3395650335278915,.,F,0.9849187935034803,7,1.3395650335278915,0.16897221344877994,TITGG[F]RRGKK,False,H,H
214,215,R,,1.2902456544965173,.,R,0.9454756380510441,12,1.2902456544965173,0.181281389171058,ITGGF[R]RGKKI,False,H,H
215,216,R,,1.001042341987025,.,R,0.9953542392566783,4,1.001042341987025,0.0016716652262662255,TGGFR[R]GKKIG,False,T,C
216,217,G,,1.0111783448959215,.,G,0.9625292740046838,11,1.0111783448959215,0.014781384453007732,GGFRR[G]KKIGH,False,T,C
217,218,K,,1.0090197272152754,.,K,0.9742388758782201,12,1.0090197272152754,0.01247255584548803,GFRRG[K]KIGHD,False,C,C
218,219,K,,8.336789247706086,M,E,0.297423887587822,17,8.336789247706086,0.7438042214567978,FRRGK[K]IGHDI,True,S,C
219,220,I,,10.058628433415976,H,T,0.21244131455399062,17,10.058628433415976,0.8120299986361871,RRGKK[I]GHDID,True,E,E
220,221,G,,1.0542981203783401,.,G,0.9859320046893317,9,1.0542981203783401,0.043212498231689,RGKKI[G]HDIDF,False,E,E
221,222,H,,1.0025343248759253,.,H,0.9882629107981221,9,1.0025343248759253,0.00407038121112363,GKKIG[H]DIDFL,False,S,C
222,223,D,,1.0020370573845492,.,D,0.9906103286384976,8,1.0020370573845492,0.00332422402071122,KKIGH[D]IDFLI,False,S,C
223,224,I,,1.9147047001981277,.,V,0.8849765258215962,11,1.9147047001981277,0.334110488904131,KIGHD[I]DFLIT,False,E,E
224,225,D,,1.0022594579775228,.,D,0.9894490035169988,6,1.0022594579775228,0.0035051776348621897,IGHDI[D]FLITS,False,E,E
225,226,F,,3.089531761186986,.,F,0.7640845070422535,10,3.089531761186986,0.40701490227301695,GHDID[F]LITSP,False,E,E
226,227,L,,1.0715460674030262,.,L,0.8294117647058824,7,1.0715460674030262,0.05173364742689062,HDIDF[L]ITSPG,False,E,E
227,228,I,,2.149617101021235,.,I,0.7382629107981221,6,2.149617101021235,0.3525413017896769,DIDFL[I]TSPGQ,False,E,E
228,229,T,,2.2298112894071407,.,T,0.8544600938967136,13,2.2298112894071407,0.299126539679056,IDFLI[T]SPGQR,False,E,E
229,230,S,,1.4430612429873206,.,H,0.5275498241500586,17,1.4430612429873206,0.2342271339619924,DFLIT[S]PGQRE,False,C,C
230,231,P,,1.617078206839918,.,P,0.895662368112544,14,1.617078206839918,0.31011445861942877,FLITS[P]GQRED,False,S,C
231,232,G,,5.677783579772932,.,E,0.5234192037470726,17,5.677783579772932,0.6575666534830067,LITSP[G]QREDD,False,S,C
232,233,Q,,2.4386643647021007,.,E,0.4918032786885246,18,2.4386643647021007,0.49168176878596226,ITSPG[Q]REDDE,False,P,H
233,234,R,,1.7632476313995502,.,G,0.7318501170960188,18,1.7632476313995502,0.3567511143588005,TSPGQ[R]EDDEL,False,P,H
234,235,E,,4.607999006215089,.,K,0.2611241217798595,20,4.607999006215089,0.6349378141274149,SPGQR[E]DDELL,False,P,H
235,236,D,,1.6173866670303592,.,E,0.8425381903642774,15,1.6173866670303592,0.30250121513214195,PGQRE[D]DELLH,False,C,C
236,237,D,,8.803783344097452,M,E,0.3270588235294118,17,8.803783344097452,0.7891737244596978,GQRED[D]ELLHK,True,T,C
237,238,E,,1.395484114464858,.,G,0.5702479338842975,19,1.395484114464858,0.24870842374984128,QREDD[E]LLHKG,False,T,C
238,239,L,,1.9663869799698317,.,L,0.8658823529411764,7,1.9663869799698317,0.3361136407322552,REDDE[L]LHKGL,False,T,C
239,240,L,,1.1640658709060765,.,L,0.7837837837837838,9,1.1640658709060765,0.10614544474155647,EDDEL[L]HKGLL,False,T,C
240,241,H,,7.215022327947865,M,P,0.43514150943396224,19,7.215022327947865,0.7384477768410136,DDELL[H]KGLLL,True,C,C
241,242,K,,2.883479090240216,.,K,0.5224056603773585,19,2.883479090240216,0.5352220648754719,DELLH[K]GLLLY,False,S,C
242,243,G,,2.824618722291888,.,G,0.8192771084337349,10,2.824618722291888,0.43275032222502136,ELLHK[G]LLLYC,False,T,C
243,244,L,,3.0402520865122638,.,L,0.580335731414868,13,3.0402520865122638,0.4572036101170546,LLHKG[L]LLYCD,False,T,C
244,245,L,,2.2990654251068454,.,L,0.8971291866028708,8,2.2990654251068454,0.32862655071126046,LHKGL[L]LYCDI,False,E,E
245,246,L,,2.539681301627035,.,L,0.5781433607520564,7,2.539681301627035,0.36847178658029667,HKGLL[L]YCDII,False,E,E
246,247,Y,,4.311007646310692,.,Y,0.4061032863849765,14,4.311007646310692,0.5897531981211425,KGLLL[Y]CDIIE,False,E,E
247,248,C,,10.403703266896006,H,C,0.282021151586369,18,10.403703266896006,0.8199644206352178,GLLLY[C]DIIES,True,E,E
248,249,D,,5.637135431490405,.,D,0.38425381903642775,17,5.637135431490405,0.7012943986310936,LLLYC[D]IIEST,False,E,E
249,250,I,,1.3313957958123652,.,L,0.596244131455399,13,1.3313957958123652,0.213678746650478,LLYCD[I]IESTF,False,E,E
250,251,I,,7.843883261035799,M,Q,0.2529411764705882,19,7.843883261035799,0.7412868295437225,LYCDI[I]ESTFV,True,E,E
251,252,E,,7.851080054827284,M,E,0.35571260306242636,15,7.851080054827284,0.755757921656875,YCDII[E]STFVK,True,C,C
252,253,S,,5.3128552691484305,.,S,0.43934040047114253,16,5.3128552691484305,0.6568266655286428,CDIIE[S]TFVKE,False,C,C
253,254,T,,3.9921108670109478,.,T,0.44549763033175355,18,3.9921108670109478,0.5691108397862547,DIIES[T]FVKEQ,False,C,C
254,255,F,,3.6611187555261098,.,F,0.5599051008303677,16,3.6611187555261098,0.5799351472514762,IIEST[F]VKEQI,False,C,C
255,256,V,,3.8480394053713716,.,L,0.2892857142857143,17,3.8480394053713716,0.5636134623056525,IESTF[V]KEQIP,False,C,C
256,257,K,,3.6713224606911523,.,L,0.5047619047619047,20,3.6713224606911523,0.5860652414157276,ESTFV[K]EQIPS,False,T,C
257,258,E,,3.8852831003005774,.,Y,0.4221165279429251,20,3.8852831003005774,0.578442976136354,STFVK[E]QIPSR,False,T,C
258,259,Q,,6.527485132459661,M,K,0.3341260404280618,16,6.527485132459661,0.7258264635828657,TFVKE[Q]IPSRH,True,P,H
259,260,I,,11.849514175800092,H,L,0.4054696789536266,20,11.849514175800092,0.8737658526690691,FVKEQ[I]PSRHV,True,P,H
260,261,P,,12.420814564057352,H,P,0.45714285714285713,18,12.420814564057352,0.8817117235958584,VKEQI[P]SRHVD,True,P,H
261,262,S,,7.125070857943598,M,S,0.381294964028777,18,7.125070857943598,0.7369714026457063,KEQIP[S]RHVDA,True,P,H
262,263,R,,7.455902944737397,M,R,0.5462184873949579,20,7.455902944737397,0.7411505534580622,EQIPS[R]HVDAM,True,S,C
263,264,H,,8.33332256529971,M,N,0.29274292742927427,18,8.33332256529971,0.770890345391318,QIPSR[H]VDAMD,True,C,C
264,265,V,,4.962797267866457,.,S,0.2527075812274368,18,4.962797267866457,0.6339958939834659,IPSRH[V]DAMDH,False,T,C
265,266,D,,6.4084887192591244,M,D,0.2709832134292566,18,6.4084887192591244,0.719324044467196,PSRHV[D]AMDHF,True,T,C
266,267,A,,5.9016314781502786,.,A,0.4444444444444444,16,5.9016314781502786,0.6712261504297966,SRHVD[A]MDHFQ,False,P,H
267,268,M,,3.730796283418353,.,M,0.7078384798099763,9,3.730796283418353,0.5162091836525007,RHVDA[M]DHFQK,False,P,H
268,269,D,,1.001096438623358,.,D,0.995249406175772,4,1.001096438623358,0.0017462119565125028,HVDAM[D]HFQKC,False,P,H
269,270,H,,2.1595544127559694,.,H,0.501187648456057,15,2.1595544127559694,0.40971929725196143,VDAMD[H]FQKCF,False,S,C
270,271,F,,1.7874987978114225,.,F,0.9085510688836105,7,1.7874987978114225,0.27563778210814094,DAMDH[F]QKCFA,False,S,C
271,272,Q,,1.944205116639968,.,E,0.5118764845605701,13,1.944205116639968,0.3421659704848704,AMDHF[Q]KCFAI,False,E,E
272,273,K,,2.080062389111351,.,K,0.5486935866983373,11,2.080062389111351,0.3510451752657484,MDHFQ[K]CFAIL,False,E,E
273,274,C,,2.788307018363588,.,C,0.7838479809976246,12,2.788307018363588,0.4497188931537993,DHFQK[C]FAILK,False,E,E
274,275,F,,2.2856787987991503,.,F,0.8420427553444181,9,2.2856787987991503,0.37151145488623466,HFQKC[F]AILKL,False,E,E
275,276,A,,4.618408641280304,.,L,0.336104513064133,12,4.618408641280304,0.5833700992463493,FQKCF[A]ILKLY,False,E,E
276,277,I,,1.2644611588942845,.,I,0.9548156956004756,7,1.2644611588942845,0.15551160195131178,QKCFA[I]LKLYQ,False,E,E
277,278,L,,3.055526327945728,.,L,0.4418052256532066,9,3.055526327945728,0.47075762440294433,KCFAI[L]KLYQP,False,E,E
278,279,K,,2.442625181059691,.,K,0.5587188612099644,14,2.442625181059691,0.41910361204012525,CFAIL[K]LYQPR,False,E,E
279,280,L,,3.263562408652626,.,L,0.9253554502369669,12,3.263562408652626,0.5045116359825534,FAILK[L]YQPRV,False,E,E
280,281,Y,,2.9245661334312674,.,P,0.25829383886255924,20,2.9245661334312674,0.543258822984273,AILKL[Y]QPRVD,False,E,E
281,282,Q,,5.410424505873006,.,K,0.21445497630331753,19,5.410424505873006,0.7326153403956648,ILKLY[Q]PRVDN,False,P,H
282,283,P,,8.982209319455919,M,P,0.23933649289099526,19,8.982209319455919,0.8032614328305546,LKLYQ[P]RVDNS,True,P,H
283,284,R,,7.643982613215814,M,R,0.25977653631284914,20,7.643982613215814,0.7848648342626996,KLYQP[R]VDNSS,True,P,H
284,285,V,,12.506033521031622,H,V,0.44166666666666665,19,12.506033521031622,0.87158171683061,LYQPR[V]DNSSY,True,C,C
285,286,D,,9.022907360753905,M,D,0.25125628140703515,19,9.022907360753905,0.8001597491768179,YQPRV[D]NSSYN,True,C,C
286,287,N,,8.923437796607605,M,N,0.19548872180451127,20,8.923437796607605,0.8117168103573654,QPRVD[N]SSYNM,True,C,C
287,288,S,,7.276432691182544,M,S,0.26097560975609757,20,7.276432691182544,0.7554596270557581,PRVDN[S]SYNMS,True,T,C
288,289,S,,8.033389251168899,M,S,0.20823244552058112,19,8.033389251168899,0.7832715939846853,RVDNS[S]YNMSK,True,T,C
289,290,Y,,7.8966167056042895,M,S,0.1425661914460285,20,7.8966167056042895,0.7895884385091421,VDNSS[Y]NMSKK,True,S,C
290,291,N,,9.65388634992752,M,E,0.19213313161875945,20,9.65388634992752,0.826977527442044,DNSSY[N]MSKKC,True,C,C
291,292,M,,9.191778117146022,M,G,0.21449704142011836,18,9.191778117146022,0.8021594047765219,NSSYN[M]SKKCD,True,T,C
292,293,S,,9.697502156443422,M,S,0.26666666666666666,20,9.697502156443422,0.8219301268167785,SSYNM[S]KKCDM,True,T,C
293,294,K,,8.77196982236435,M,L,0.22470238095238096,20,8.77196982236435,0.7995043456293275,SYNMS[K]KCDMA,True,C,C
294,295,K,,7.2774815473267465,M,K,0.13141993957703926,19,7.2774815473267465,0.7331277828152137,YNMSK[K]CDMAE,True,C,C
295,296,C,,8.70368475542067,M,S,0.23929098966026588,20,8.70368475542067,0.7868158214921527,NMSKK[C]DMAEV,True,C,C
296,297,D,,9.127149028576005,M,A,0.1926829268292683,18,9.127149028576005,0.8115113547040098,MSKKC[D]MAEVK,True,C,C
297,298,M,,6.045618595352453,M,Q,0.1682808716707022,19,6.045618595352453,0.7162890353952123,SKKCD[M]AEVKD,True,C,C
298,299,A,,8.639084959018383,M,G,0.20989143546441497,20,8.639084959018383,0.7892086245456452,KKCDM[A]EVKDW,True,C,C
299,300,E,,7.652250198468923,M,E,0.23980815347721823,19,7.652250198468923,0.8071921009199258,KCDMA[E]VKDWK,True,C,C
300,301,V,,6.294544668707593,M,G,0.19976076555023922,21,6.294544668707593,0.7134067737918297,CDMAE[V]KDWKA,True,C,C
301,302,K,,3.039528191726282,.,R,0.3957091775923719,18,3.039528191726282,0.5068650085175531,DMAEV[K]DWKAI,False,C,C
302,303,D,,7.882821938395629,M,D,0.25802615933412604,19,7.882821938395629,0.7386194233599961,MAEVK[D]WKAIR,True,C,C
303,304,W,,1.415509099870742,.,W,0.9205219454329775,14,1.415509099870742,0.2520363978457403,AEVKD[W]KAIRV,False,E,E
304,305,K,,6.10877490141244,M,K,0.5195729537366548,13,6.10877490141244,0.6600172864341926,EVKDW[K]AIRVD,True,E,E
305,306,A,,1.5193544646071386,.,A,0.9762752075919335,8,1.5193544646071386,0.25458155817197553,VKDWK[A]IRVDL,False,E,E
306,307,I,,3.542062288672893,.,V,0.6398104265402843,11,3.542062288672893,0.4975705245918545,KDWKA[I]RVDLV,False,E,E
307,308,R,,1.0013707442465483,.,R,0.9917061611374408,4,1.0013707442465483,0.002047940849443096,DWKAI[R]VDLVI,False,E,E
308,309,V,,1.112518385815523,.,V,0.966824644549763,7,1.112518385815523,0.0736855104227286,WKAIR[V]DLVIT,False,E,E
309,310,D,,1.00027399117831,.,D,0.995260663507109,3,1.00027399117831,0.0004524676812210187,KAIRV[D]LVITP,False,E,E
310,311,L,,1.7851017674034342,.,L,0.95260663507109,5,1.7851017674034342,0.28946457079847915,AIRVD[L]VITPF,False,E,E
311,312,V,,1.9296121924770382,.,V,0.9241706161137441,5,1.9296121924770382,0.22665495954682985,IRVDL[V]ITPFE,False,E,E
312,313,I,,2.570965598051018,.,V,0.5450236966824644,12,2.570965598051018,0.3997089081928471,RVDLV[I]TPFEQ,False,E,E
313,314,T,,4.467545577986853,.,S,0.23459715639810427,8,4.467545577986853,0.5311908402447723,VDLVI[T]PFEQY,False,C,C
314,315,P,,1.1120350679455961,.,P,0.9964454976303317,4,1.1120350679455961,0.0726339664820006,DLVIT[P]FEQYA,False,C,C
315,316,F,,8.329075338545543,M,I,0.21800947867298578,18,8.329075338545543,0.7914757740285258,LVITP[F]EQYAY,True,G,H
316,317,E,,2.061820618601665,.,S,0.47511848341232227,15,2.061820618601665,0.4098053894708714,VITPF[E]QYAYA,False,G,H
317,318,Q,,1.193615243528354,.,Q,0.6611374407582938,9,1.193615243528354,0.1312503122442167,ITPFE[Q]YAYAL,False,G,H
318,319,Y,,2.735296011164238,.,Y,0.4395734597156398,8,2.735296011164238,0.40132268253102255,TPFEQ[Y]AYALL,False,H,H
319,320,A,,4.3514674802455575,.,A,0.6943127962085308,10,4.3514674802455575,0.5420873505162415,PFEQY[A]YALLG,False,H,H
320,321,Y,,2.0075280496516936,.,F,0.7215639810426541,6,2.0075280496516936,0.2528800097721018,FEQYA[Y]ALLGW,False,H,H
321,322,A,,1.246083908826484,.,A,0.9478054567022538,6,1.246083908826484,0.14918751479444234,EQYAY[A]LLGWT,False,H,H
322,323,L,,1.5140060404375317,.,L,0.9277251184834123,9,1.5140060404375317,0.24573218037596392,QYAYA[L]LGWTG,False,H,H
323,324,L,,2.537177484612714,.,L,0.933649289099526,6,2.537177484612714,0.3726625546147486,YAYAL[L]GWTGS,False,H,H
324,325,G,,1.1058562839656538,.,G,0.995260663507109,4,1.1058562839656538,0.0672768581431109,AYALL[G]WTGSR,False,H,H
325,326,W,,1.0,.,W,1.0,1,1.0,0.0,YALLG[W]TGSRQ,False,H,H
326,327,T,,1.0682008848658227,.,T,0.9087677725118484,5,1.0682008848658227,0.058208997970054493,ALLGW[T]GSRQF,False,H,H
327,328,G,,1.0,.,G,1.0,1,1.0,0.0,LLGWT[G]SRQFG,False,C,C
328,329,S,,2.0081990302453234,.,S,0.9798578199052133,3,2.0081990302453234,0.26222104162468596,LGWTG[S]RQFGR,False,C,C
329,330,R,,1.4506865190154126,.,R,0.4561611374407583,8,1.4506865190154126,0.2152573199607147,GWTGS[R]QFGRD,False,H,H
330,331,Q,,4.267599891398856,.,Q,0.44636251541307026,15,4.267599891398856,0.5458681836094728,WTGSR[Q]FGRDL,False,H,H
331,332,F,,1.3502205014160868,.,F,0.981640146878825,5,1.3502205014160868,0.14541922295556983,TGSRQ[F]GRDLR,False,H,H
332,333,G,,2.1273656637647664,.,E,0.7803680981595092,13,2.1273656637647664,0.3514685948410067,GSRQF[G]RDLRR,False,H,H
333,334,R,,1.0029404452528852,.,R,0.9865030674846625,9,1.0029404452528852,0.004645827277263604,SRQFG[R]DLRRY,False,H,H
334,335,D,,2.4037099774168427,.,D,0.5693251533742332,9,2.4037099774168427,0.3907244492921582,RQFGR[D]LRRYA,False,H,H
335,336,L,,1.6598562262286,.,L,0.9239263803680982,9,1.6598562262286,0.25102588810520643,QFGRD[L]RRYAT,False,H,H
336,337,R,,1.1091896121001166,.,R,0.9852579852579852,7,1.1091896121001166,0.07034331007635307,FGRDL[R]RYATH,False,H,H
337,338,R,,3.7950144367027567,.,R,0.8857493857493858,12,3.7950144367027567,0.5267056861305255,GRDLR[R]YATHE,False,H,H
338,339,Y,,1.2081886467433165,.,F,0.4189189189189189,5,1.2081886467433165,0.12146530773998815,RDLRR[Y]ATHER,False,H,H
339,340,A,,1.7855427586904886,.,A,0.7635467980295566,7,1.7855427586904886,0.25769019004140176,DLRRY[A]THERK,False,H,H
340,341,T,,7.418215691793829,M,R,0.32142857142857145,19,7.418215691793829,0.7527761359339538,LRRYA[T]HERKM,True,H,H
341,342,H,,3.705105431671663,.,H,0.3980222496909765,20,3.705105431671663,0.5552048547065217,RRYAT[H]ERKMM,False,H,H
342,343,E,,2.073145870111194,.,E,0.8817733990147784,15,2.073145870111194,0.3976093339862794,RYATH[E]RKMML,False,H,H
343,344,R,,2.8825735777203216,.,R,0.46921182266009853,13,2.8825735777203216,0.4641028128374232,YATHE[R]KMMLD,False,S,C
344,345,K,,2.941510054048821,.,K,0.3247232472324723,14,2.941510054048821,0.5062818266223853,ATHER[K]MMLDN,False,C,C
345,346,M,,2.4916250979452825,.,M,0.7859778597785978,11,2.4916250979452825,0.4289495299915172,THERK[M]MLDNH,False,E,E
346,347,M,,5.204090737413069,.,S,0.22140221402214022,15,5.204090737413069,0.6702019774767017,HERKM[M]LDNHA,False,E,E
347,348,L,,1.1638415911530702,.,L,0.979064039408867,6,1.1638415911530702,0.09926248434069346,ERKMM[L]DNHAL,False,E,E
348,349,D,,2.683813085899428,.,D,0.4605911330049261,9,2.683813085899428,0.3805124458427804,RKMML[D]NHALY,False,C,C
349,350,N,,1.5021858287643703,.,S,0.5191122071516646,7,1.5021858287643703,0.20630812161043208,KMMLD[N]HALYD,False,S,C
350,351,H,,1.3039221092584459,.,H,0.9728729963008631,9,1.3039221092584459,0.16204182770992107,MMLDN[H]ALYDK,False,S,C
351,352,A,,1.7110052414005748,.,A,0.5701970443349754,15,1.7110052414005748,0.2895286598514118,MLDNH[A]LYDKR,False,C,C
352,353,L,,1.5465503129331373,.,L,0.9766009852216748,8,1.5465503129331373,0.24686640988559383,LDNHA[L]YDKRK,False,E,E
353,354,Y,,2.7663086700568855,.,Y,0.7216748768472906,7,2.7663086700568855,0.38737350097835926,DNHAL[Y]DKRKR,False,E,E
354,355,D,,1.4541211956394584,.,D,0.9174876847290641,11,1.4541211956394584,0.22823773697275584,NHALY[D]KRKRV,False,E,E
355,356,K,,9.247447906022218,M,K,0.4074074074074074,19,9.247447906022218,0.8116457847038576,HALYD[K]RKRVF,True,T,C
356,357,R,,7.352333854624628,M,T,0.39021329987452946,16,7.352333854624628,0.731162031876303,ALYDK[R]KRVFL,True,T,C
357,358,K,,5.658805433418441,.,K,0.5050632911392405,13,5.658805433418441,0.6616139418142772,LYDKR[K]RVFLK,False,T,C
358,359,R,,7.769279631424446,M,K,0.34464751958224543,19,7.769279631424446,0.7382074797291331,YDKRK[R]VFLKA,True,T,C
359,360,V,,6.822938558495101,M,I,0.17162162162162162,17,6.822938558495101,0.6937271728002202,DKRKR[V]FLKAG,True,E,E
360,361,F,,6.717490731373732,M,F,0.5792349726775956,18,6.717490731373732,0.7387058298489654,KRKRV[F]LKAGS,True,E,E
361,362,L,,2.253361622007762,.,L,0.8106995884773662,9,2.253361622007762,0.35014932910991703,RKRVF[L]KAGSE,False,E,E
362,363,K,,3.4831942958503097,.,R,0.18681318681318682,17,3.4831942958503097,0.609858509914104,KRVFL[K]AGSEE,False,C,C
363,364,A,,1.1471648202148634,.,A,0.8956043956043956,10,1.1471648202148634,0.09731227303999052,RVFLK[A]GSEEE,False,C,C
364,365,G,,5.394023188065185,.,T,0.24587912087912087,18,5.394023188065185,0.6683454438038949,VFLKA[G]SEEEI,False,S,C
365,366,S,,2.255200291334158,.,S,0.6193103448275862,9,2.255200291334158,0.3267227556719932,FLKAG[S]EEEIF,False,S,C
366,367,E,,1.0249099721658768,.,E,0.9930843706777317,3,1.0249099721658768,0.022380973067716907,LKAGS[E]EEIFA,False,H,H
367,368,E,,3.557628931703356,.,E,0.7939142461964038,9,3.557628931703356,0.4882334829082691,KAGSE[E]EIFAH,False,H,H
368,369,E,,2.1876972790863114,.,E,0.5933609958506224,6,2.1876972790863114,0.3259193220278396,AGSEE[E]IFAHL,False,H,H
369,370,I,,1.9771393985487067,.,I,0.921161825726141,4,1.9771393985487067,0.2302207478291751,GSEEE[I]FAHLG,False,H,H
370,371,F,,1.0002583961106977,.,F,0.9986168741355463,2,1.0002583961106977,0.0004292442533175685,SEEEI[F]AHLGL,False,H,H
371,372,A,,8.339269061394559,M,A,0.5795297372060858,17,8.339269061394559,0.7419866508666944,EEEIF[A]HLGLD,True,H,H
372,373,H,,5.430101716642219,.,H,0.8298755186721992,13,5.430101716642219,0.6289514268764127,EEIFA[H]LGLDY,False,H,H
373,374,L,,1.0111459542743015,.,L,0.9944674965421854,3,1.0111459542743015,0.011676437447317282,EIFAH[L]GLDYV,False,H,H
374,375,G,,3.2014225882272864,.,G,0.8723994452149791,10,3.2014225882272864,0.5058866278562659,IFAHL[G]LDYVE,False,T,C
375,376,L,,1.026135960558914,.,L,0.9875173370319001,4,1.026135960558914,0.02609096295646304,FAHLG[L]DYVEP,False,C,C
376,377,D,,6.199375496330165,M,E,0.5472222222222223,11,6.199375496330165,0.6544565036443606,AHLGL[D]YVEPW,True,C,C
377,378,Y,,1.4303118822704188,.,Y,0.874826147426982,6,1.4303118822704188,0.1988026301908987,HLGLD[Y]VEPWE,False,C,C
378,379,V,,3.8009737769092027,.,I,0.5724233983286908,10,3.8009737769092027,0.54043743634619,LGLDY[V]EPWER,False,C,C
379,380,E,,2.931032035677518,.,E,0.47493036211699163,12,2.931032035677518,0.47203564016778693,GLDYV[E]PWERN,False,C,C
380,381,P,,1.1461886147879201,.,P,0.9874651810584958,6,1.1461886147879201,0.09970878350642468,LDYVE[P]WERNA,False,G,H
381,382,W,,6.04315056311659,M,W,0.4220055710306407,19,6.04315056311659,0.7041929138689489,DYVEP[W]ERNA,True,G,H
382,383,E,,2.8901828244914665,.,E,0.5515320334261838,11,2.8901828244914665,0.45487902904495886,YVEPW[E]RNA,False,G,H
383,384,R,,1.0,.,R,1.0,1,1.0,0.0,VEPWE[R]NA,False,B,E
384,385,N,,1.0,.,N,1.0,1,1.0,0.0,EPWER[N]A,False,C,C
385,386,A,,1.0,.,A,1.0,1,1.0,0.0,PWERN[A],False,C,C
